[{"model": "auth.group", "pk": 1, "fields": {"name": "Editors", "permissions": [1, 2, 3, 4, 9, 10, 11, 12, 5, 6, 7, 8, 13, 14, 15, 16, 29, 30, 31, 32, 25, 26, 27, 28, 17, 18, 19, 20, 41, 42, 43, 44, 45, 46, 47, 48, 49, 50, 51, 52, 53, 54, 55, 56, 21, 22, 23, 24, 37, 38, 39, 40, 33, 34, 35, 36]}}, {"model": "auth.user", "pk": 1, "fields": {"password": "pbkdf2_sha256$150000$KZlt3fr9adSe$W4JWgfqdterqyA8ECjgaXVgtgY6UTFINbFf50/Mtlt8=", "last_login": "2020-01-08T16:26:39.276Z", "is_superuser": true, "username": "krishna", "first_name": "Krishna", "last_name": "", "email": "adjnct@gmail.com", "is_staff": true, "is_active": true, "date_joined": "2020-01-02T16:11:03.504Z", "groups": [1], "user_permissions": []}}, {"model": "auth.user", "pk": 2, "fields": {"password": "pbkdf2_sha256$150000$ArVkQnCiACw4$7A5EFxtxmwEpcszVg5cvoQcjBPKV9sUFh0wmekdP4ic=", "last_login": "2020-01-05T17:18:08.181Z", "is_superuser": true, "username": "abhi", "first_name": "Abhyudai", "last_name": "", "email": "os.mldeveloper@gmail.com", "is_staff": true, "is_active": true, "date_joined": "2020-01-02T17:32:45Z", "groups": [1], "user_permissions": []}}, {"model": "auth.user", "pk": 3, "fields": {"password": "pbkdf2_sha256$150000$Mz0zXrrOlImz$amtsdOCsV++2AAFu1o9eyhZO2RzbnD2svu5qhsvOs8M=", "last_login": "2020-01-09T20:27:23.787Z", "is_superuser": false, "username": "videhraj", "first_name": "Videh", "last_name": "Raj", "email": "thevideh.raj@gmail.com", "is_staff": false, "is_active": true, "date_joined": "2020-01-09T19:52:40.565Z", "groups": [], "user_permissions": []}}, {"model": "auth.user", "pk": 5, "fields": {"password": "pbkdf2_sha256$150000$93TIduV4TwT3$qejxWJgo9YnzqayG6fbLXDPDxhG3ARuMSV/zZvULz4s=", "last_login": "2020-01-10T17:30:00.568Z", "is_superuser": false, "username": "VidehRaj1", "first_name": "Videh", "last_name": "Raj", "email": "thevideh.raj@gmail.com", "is_staff": false, "is_active": true, "date_joined": "2020-01-10T17:29:33.259Z", "groups": [], "user_permissions": []}}, {"model": "sessions.session", "pk": "2iixnnwdf8ley2kc9sjizn5e3ww7lw7i", "fields": {"session_data": "ZTY2YWUwYWMwZDUwYjcxZDUxY2Q1Y2NjMmZmYmE4NzkwMGFhMTEzMDp7Il9hdXRoX3VzZXJfaWQiOiIxIiwiX2F1dGhfdXNlcl9iYWNrZW5kIjoiZGphbmdvLmNvbnRyaWIuYXV0aC5iYWNrZW5kcy5Nb2RlbEJhY2tlbmQiLCJfYXV0aF91c2VyX2hhc2giOiI5MzdkNTliZmQyMmJiOTlmNjFjOGE4ZGNiMWMzZWQ0ZDlhM2Y4YzhkIn0=", "expire_date": "2020-01-21T15:25:01.297Z"}}, {"model": "sessions.session", "pk": "2t5kqay8ks0kbzw8d192bzioa2b51ic0", "fields": {"session_data": "ZDg2ZTNjMTE3NDQxMTYxYzcxYjg0ZTU0NDMzMTcxZWY1MDAwMTFiNDp7fQ==", "expire_date": "2020-01-24T17:15:19.680Z"}}, {"model": "sessions.session", "pk": "4jqiaopbmf8f0fgax9mzgmefnrsxck6m", "fields": {"session_data": "ZDg2ZTNjMTE3NDQxMTYxYzcxYjg0ZTU0NDMzMTcxZWY1MDAwMTFiNDp7fQ==", "expire_date": "2020-01-24T17:49:33.897Z"}}, {"model": "sessions.session", "pk": "5ai8tjzr2acpczutklom6i3lsxprbhnt", "fields": {"session_data": "MDY0OGE1N2FlNTYzOTdhNmZiNGUwZWI1MWU3ZjRlNTAyZDNhOWI2NTp7Il9hdXRoX3VzZXJfaWQiOiIyIiwiX2F1dGhfdXNlcl9iYWNrZW5kIjoiZGphbmdvLmNvbnRyaWIuYXV0aC5iYWNrZW5kcy5Nb2RlbEJhY2tlbmQiLCJfYXV0aF91c2VyX2hhc2giOiI1ZTE0ZTcyNGJhMWNhYWRlMTA0YjM5NjhhZWI4OTE4OGQ2YWVjOTkzIn0=", "expire_date": "2020-01-16T18:43:48.635Z"}}, {"model": "sessions.session", "pk": "5v6nr0ec3figqys8wuj7jhva4ya309gn", "fields": {"session_data": "MDY0OGE1N2FlNTYzOTdhNmZiNGUwZWI1MWU3ZjRlNTAyZDNhOWI2NTp7Il9hdXRoX3VzZXJfaWQiOiIyIiwiX2F1dGhfdXNlcl9iYWNrZW5kIjoiZGphbmdvLmNvbnRyaWIuYXV0aC5iYWNrZW5kcy5Nb2RlbEJhY2tlbmQiLCJfYXV0aF91c2VyX2hhc2giOiI1ZTE0ZTcyNGJhMWNhYWRlMTA0YjM5NjhhZWI4OTE4OGQ2YWVjOTkzIn0=", "expire_date": "2020-01-19T17:18:08.534Z"}}, {"model": "sessions.session", "pk": "75kfh11qwroz61928v1yt09o19n1cqzf", "fields": {"session_data": "ZWFmNmQxYzA0MDFiNGY3MGI3NTI1Mzg4NDMxMDA3YjNmOTNmM2YyYTp7Il9hdXRoX3VzZXJfaWQiOiIzIiwiX2F1dGhfdXNlcl9iYWNrZW5kIjoiZGphbmdvLmNvbnRyaWIuYXV0aC5iYWNrZW5kcy5Nb2RlbEJhY2tlbmQiLCJfYXV0aF91c2VyX2hhc2giOiI3NTFkMTQ0MWU3NGNkYWQ5M2ZhYjEwMDgxZWI0ZWRhOTVkMzkyNzIyIn0=", "expire_date": "2020-01-23T20:27:23.899Z"}}, {"model": "sessions.session", "pk": "7awbr6br5ess82nuva3c8x5tx4vhz21p", "fields": {"session_data": "ZTY2YWUwYWMwZDUwYjcxZDUxY2Q1Y2NjMmZmYmE4NzkwMGFhMTEzMDp7Il9hdXRoX3VzZXJfaWQiOiIxIiwiX2F1dGhfdXNlcl9iYWNrZW5kIjoiZGphbmdvLmNvbnRyaWIuYXV0aC5iYWNrZW5kcy5Nb2RlbEJhY2tlbmQiLCJfYXV0aF91c2VyX2hhc2giOiI5MzdkNTliZmQyMmJiOTlmNjFjOGE4ZGNiMWMzZWQ0ZDlhM2Y4YzhkIn0=", "expire_date": "2020-01-21T19:57:46.215Z"}}, {"model": "sessions.session", "pk": "93qfq84xicg1w4ebd8rnjwgle8nyddzk", "fields": {"session_data": "ZDg2ZTNjMTE3NDQxMTYxYzcxYjg0ZTU0NDMzMTcxZWY1MDAwMTFiNDp7fQ==", "expire_date": "2020-01-20T22:50:25.680Z"}}, {"model": "sessions.session", "pk": "95usjgtomlj1yq2kgzwrty1xfjhzl33e", "fields": {"session_data": "ZDg2ZTNjMTE3NDQxMTYxYzcxYjg0ZTU0NDMzMTcxZWY1MDAwMTFiNDp7fQ==", "expire_date": "2020-01-23T19:19:43.806Z"}}, {"model": "sessions.session", "pk": "c5utfepasmwhp6uihuy36e5jgl8y8mlt", "fields": {"session_data": "Y2I2NzA4NmE3MTdlM2I5YTcxZTZjNTJkZDY4M2IwZDM5ZGFmN2UzZDp7Il9hdXRoX3VzZXJfaWQiOiI1IiwiX2F1dGhfdXNlcl9iYWNrZW5kIjoiZGphbmdvLmNvbnRyaWIuYXV0aC5iYWNrZW5kcy5Nb2RlbEJhY2tlbmQiLCJfYXV0aF91c2VyX2hhc2giOiI5ODVkYjM3Yzk0ZTVkZmYwYjk4NjJlOTFlOWFkZWIwMWFhZmQxOGM3In0=", "expire_date": "2020-01-24T17:30:00.720Z"}}, {"model": "sessions.session", "pk": "gb428kcqgde94nxsqcmwaj584473842n", "fields": {"session_data": "MDY0OGE1N2FlNTYzOTdhNmZiNGUwZWI1MWU3ZjRlNTAyZDNhOWI2NTp7Il9hdXRoX3VzZXJfaWQiOiIyIiwiX2F1dGhfdXNlcl9iYWNrZW5kIjoiZGphbmdvLmNvbnRyaWIuYXV0aC5iYWNrZW5kcy5Nb2RlbEJhY2tlbmQiLCJfYXV0aF91c2VyX2hhc2giOiI1ZTE0ZTcyNGJhMWNhYWRlMTA0YjM5NjhhZWI4OTE4OGQ2YWVjOTkzIn0=", "expire_date": "2020-01-16T20:36:20.639Z"}}, {"model": "sessions.session", "pk": "gw8r4k9e77id9ah1qmp3dx6f9jcefyib", "fields": {"session_data": "ZTY2YWUwYWMwZDUwYjcxZDUxY2Q1Y2NjMmZmYmE4NzkwMGFhMTEzMDp7Il9hdXRoX3VzZXJfaWQiOiIxIiwiX2F1dGhfdXNlcl9iYWNrZW5kIjoiZGphbmdvLmNvbnRyaWIuYXV0aC5iYWNrZW5kcy5Nb2RlbEJhY2tlbmQiLCJfYXV0aF91c2VyX2hhc2giOiI5MzdkNTliZmQyMmJiOTlmNjFjOGE4ZGNiMWMzZWQ0ZDlhM2Y4YzhkIn0=", "expire_date": "2020-01-16T16:11:22.400Z"}}, {"model": "sessions.session", "pk": "h7dukz9sv5vx8qfvacl3e7yugn8dl3gj", "fields": {"session_data": "ZDg2ZTNjMTE3NDQxMTYxYzcxYjg0ZTU0NDMzMTcxZWY1MDAwMTFiNDp7fQ==", "expire_date": "2020-01-19T05:11:11.408Z"}}, {"model": "sessions.session", "pk": "jjnc67xj7m4emabslni9leqloyfjlfi9", "fields": {"session_data": "ZDg2ZTNjMTE3NDQxMTYxYzcxYjg0ZTU0NDMzMTcxZWY1MDAwMTFiNDp7fQ==", "expire_date": "2020-01-17T13:19:26.886Z"}}, {"model": "sessions.session", "pk": "kqaj3p5irgc3wjvhcrky9qy4y8ce3crp", "fields": {"session_data": "ZDg2ZTNjMTE3NDQxMTYxYzcxYjg0ZTU0NDMzMTcxZWY1MDAwMTFiNDp7fQ==", "expire_date": "2020-01-20T22:49:46.035Z"}}, {"model": "sessions.session", "pk": "lrd8opj9678loz3xvvj1jixvmp1yeg7f", "fields": {"session_data": "ZDg2ZTNjMTE3NDQxMTYxYzcxYjg0ZTU0NDMzMTcxZWY1MDAwMTFiNDp7fQ==", "expire_date": "2020-01-16T19:10:07.982Z"}}, {"model": "sessions.session", "pk": "n6e2vkfer908l5jtlf52fprek82om9k3", "fields": {"session_data": "ZTY2YWUwYWMwZDUwYjcxZDUxY2Q1Y2NjMmZmYmE4NzkwMGFhMTEzMDp7Il9hdXRoX3VzZXJfaWQiOiIxIiwiX2F1dGhfdXNlcl9iYWNrZW5kIjoiZGphbmdvLmNvbnRyaWIuYXV0aC5iYWNrZW5kcy5Nb2RlbEJhY2tlbmQiLCJfYXV0aF91c2VyX2hhc2giOiI5MzdkNTliZmQyMmJiOTlmNjFjOGE4ZGNiMWMzZWQ0ZDlhM2Y4YzhkIn0=", "expire_date": "2020-01-22T16:26:39.633Z"}}, {"model": "sessions.session", "pk": "pp74ti2bq6rzsjpvuw6j7ydmzwpgk2j7", "fields": {"session_data": "ZDg2ZTNjMTE3NDQxMTYxYzcxYjg0ZTU0NDMzMTcxZWY1MDAwMTFiNDp7fQ==", "expire_date": "2020-01-21T17:08:42.918Z"}}, {"model": "sessions.session", "pk": "r9nwkqzo8vcn2fx9nkjm3c0ny233kdtc", "fields": {"session_data": "MDY0OGE1N2FlNTYzOTdhNmZiNGUwZWI1MWU3ZjRlNTAyZDNhOWI2NTp7Il9hdXRoX3VzZXJfaWQiOiIyIiwiX2F1dGhfdXNlcl9iYWNrZW5kIjoiZGphbmdvLmNvbnRyaWIuYXV0aC5iYWNrZW5kcy5Nb2RlbEJhY2tlbmQiLCJfYXV0aF91c2VyX2hhc2giOiI1ZTE0ZTcyNGJhMWNhYWRlMTA0YjM5NjhhZWI4OTE4OGQ2YWVjOTkzIn0=", "expire_date": "2020-01-16T18:43:08.010Z"}}, {"model": "sessions.session", "pk": "rumsalnh92uqc1e0s9ar3h4ftyf8au72", "fields": {"session_data": "ZDg2ZTNjMTE3NDQxMTYxYzcxYjg0ZTU0NDMzMTcxZWY1MDAwMTFiNDp7fQ==", "expire_date": "2020-01-24T17:03:22.213Z"}}, {"model": "sessions.session", "pk": "si5v5kyzl9i9odlkctdqlpni7j7evdfa", "fields": {"session_data": "ZTY2YWUwYWMwZDUwYjcxZDUxY2Q1Y2NjMmZmYmE4NzkwMGFhMTEzMDp7Il9hdXRoX3VzZXJfaWQiOiIxIiwiX2F1dGhfdXNlcl9iYWNrZW5kIjoiZGphbmdvLmNvbnRyaWIuYXV0aC5iYWNrZW5kcy5Nb2RlbEJhY2tlbmQiLCJfYXV0aF91c2VyX2hhc2giOiI5MzdkNTliZmQyMmJiOTlmNjFjOGE4ZGNiMWMzZWQ0ZDlhM2Y4YzhkIn0=", "expire_date": "2020-01-16T16:17:58.835Z"}}, {"model": "sessions.session", "pk": "vipyax1vf9kqbfqrxl3ngo814gayb477", "fields": {"session_data": "ZDg2ZTNjMTE3NDQxMTYxYzcxYjg0ZTU0NDMzMTcxZWY1MDAwMTFiNDp7fQ==", "expire_date": "2020-01-21T17:08:27.114Z"}}, {"model": "sessions.session", "pk": "x4ofa025dbf5othjmque77hp7s7nh8cc", "fields": {"session_data": "ZDg2ZTNjMTE3NDQxMTYxYzcxYjg0ZTU0NDMzMTcxZWY1MDAwMTFiNDp7fQ==", "expire_date": "2020-01-23T19:34:52.764Z"}}, {"model": "sessions.session", "pk": "ykj09oxr4vnb00u7q1lq95vhrutf1g4c", "fields": {"session_data": "ZDg2ZTNjMTE3NDQxMTYxYzcxYjg0ZTU0NDMzMTcxZWY1MDAwMTFiNDp7fQ==", "expire_date": "2020-01-23T19:59:33.519Z"}}, {"model": "Blog.category", "pk": 1, "fields": {"name": "coding", "slug": "coding", "info": "Communicating your thoughts to the machine.", "date_created": "2020-01-02T16:11:55Z", "last_updated": "2020-01-02T16:15:53.068Z", "author": 1}}, {"model": "Blog.category", "pk": 2, "fields": {"name": "kids", "slug": "kids", "info": "Articles engaging kids into the field of technology in a fun manner.", "date_created": "2020-01-02T16:15:53Z", "last_updated": "2020-01-02T16:20:15.820Z", "author": 1}}, {"model": "Blog.category", "pk": 3, "fields": {"name": "science", "slug": "science", "info": "articles that bring the best of science to you.", "date_created": "2020-01-02T16:20:16Z", "last_updated": "2020-01-02T16:21:29.800Z", "author": 1}}, {"model": "Blog.category", "pk": 4, "fields": {"name": "artificial intelligence", "slug": "artificial-intelligence", "info": "Articles that bring the best from the field of Artificial Intelligence to you.", "date_created": "2020-01-02T16:21:30Z", "last_updated": "2020-01-02T16:23:33.352Z", "author": 1}}, {"model": "Blog.category", "pk": 5, "fields": {"name": "robotics", "slug": "robotics", "info": "Articles that bring from the field of robotics to you.", "date_created": "2020-01-02T16:23:33Z", "last_updated": "2020-01-02T16:25:12.731Z", "author": 1}}, {"model": "Blog.category", "pk": 6, "fields": {"name": "privacy", "slug": "privacy", "info": "Articles that enlighten you about privacy in the world of Internet.", "date_created": "2020-01-02T18:45:50Z", "last_updated": "2020-01-06T22:26:21.035Z", "author": 2}}, {"model": "Blog.category", "pk": 7, "fields": {"name": "news", "slug": "news", "info": "We bring in the latest news from the field of technology for our readers.", "date_created": "2020-01-06T18:18:57Z", "last_updated": "2020-01-06T18:19:43.161Z", "author": 2}}, {"model": "Blog.post", "pk": 1, "fields": {"title": "Why should you teach your kids to code", "slug": "why-should-you-teach-your-kids-to-code", "content": "<p>Nowadays children learn to use a smartphone even before they start counting. They not only use it to play games but also use different kinds of applications. They can easily change wallpapers, ringtones or even download their favorite games from the application store.</p>\r\n\r\n<p>First of all, let us understand how children learn such tasks so easily and quickly without much help from teachers and parents?</p>\r\n\r\n<p><img alt=\"How kids learn\" src=\"/media/blog/krishna/2020/01/02/asset-1.jpg\" style=\"height:300px; width:300px\" /></p>\r\n\r\n<div style=\"background:#eeeeee; border:1px solid #cccccc; padding:5px 10px\">The answer is simple. Children pick up any concept easily if it is :</div>\r\n\r\n<div style=\"background:#eeeeee; border:1px solid #cccccc; padding:5px 10px\"><em><strong>Visual</strong></em> in nature instead of blob of text.</div>\r\n\r\n<div style=\"background:#eeeeee; border:1px solid #cccccc; padding:5px 10px\"><em><strong>Interactive</strong></em> in nature instead of theoretical.</div>\r\n\r\n<p>&nbsp;</p>\r\n\r\n<p>Both of the above are present when they use a smartphone. This should give us a hint, how to present our lessons to children to maximize their learning.</p>\r\n\r\n<div style=\"background:#eeeeee; border:1px solid #cccccc; padding:5px 10px\">Coding also falls in the same category. It helps children learn important and valuable life skills without even realizing them. That is one of the many reasons why a parent should think of teaching their children to code.</div>\r\n\r\n<p>&nbsp;</p>\r\n\r\n<p>There are several other promising rationales to convince you that it is not only interesting but also important in the current times. Following are some of the other benefits of coding</p>\r\n\r\n<p><img alt=\"Coding For Kids\" src=\"/media/blog/krishna/2020/01/02/asset-3_OFEuxM6.jpg\" style=\"height:67%; width:100%\" /></p>\r\n\r\n<p><em><strong>Getting better at basic Mathematics</strong></em><br />\r\nCoding involves analyzing the problem at hand and breaking down into smaller subproblems. And solving each subproblem requires attention and patience. Practicing this enables them to overcome the fear of mathematics.</p>\r\n\r\n<p><strong>Critical Thinking</strong><br />\r\nCoding involves taking a decision at every line. This naturally makes student critical thinkers. It introduces them to some of the disciplines of <a href=\"https://staycurious.in/blog/post/the-importance-of-stem-education\" target=\"_blank\" title=\"the-importance-of-stem-education\">STEM</a>.</p>\r\n\r\n<p><strong>Perseverance</strong><br />\r\nThis is something important. Programming is not a magic wand, that does everything as we order. Instead, you need to pass clear and correct instructions. Failing to do so, the computer doesn&#39;t show the result as we expect. It asks us to try different methods continuously. This cycle of trial and error teaches a necessary skill.</p>\r\n\r\n<p><strong>Being creative</strong><br />\r\nWhen children start creating even small things, they get the confidence to do harder things. This quality is very useful in the sense that they&#39;ll not become consumers but creators too.</p>\r\n\r\n<p><strong>The skill of the future</strong><br />\r\nLast but not least coding is one of the most desired skills of the future.</p>\r\n\r\n<p>The benefits are large and the possibilities endless. Choosing not to teach coding will only make their learning curve in the STEM discipline a bit steep. We would recommend you to try because it is really worth giving one!</p>", "tags": "kids code stem", "date_created": "2020-01-02T16:31:36Z", "last_updated": "2020-01-06T15:00:56.447Z", "author": 2, "category": 2, "publish": true, "date_published": "2020-01-02T16:49:53.727Z", "featured": true, "image": "blog/kid-coding.jpg", "thumbnail": "blog/kid-coding_thumbnail.jpg"}}, {"model": "Blog.post", "pk": 2, "fields": {"title": "Method Chaining in Pandas library", "slug": "method-chaining-in-pandas-library", "content": "<p>In this post, I&rsquo;m sharing some basic tips on how to use the <code>Pandas</code> Python library for the beginners.</p>\r\n\r\n<p>If you&rsquo;ve just started out with <code>pandas</code> library you might have been overwhelmed by the functionalities it provides to us. Sometimes when we see several methods chained together, it looks like magic but once you get basics right, it&#39;d is fun to write such expression.</p>\r\n\r\n<p>Before we jump in, guess what is the value stored in result for given <code>dataframe</code> :</p>\r\n\r\n<div class=\"cx cy gh\">\r\n<div class=\"de gt gu r\">\r\n<div class=\"gv r\">\r\n<table align=\"center\" border=\"1\" cellpadding=\"1\" cellspacing=\"1\" style=\"height:184px; width:229px\">\r\n\t<thead>\r\n\t\t<tr>\r\n\t\t\t<th scope=\"col\">a</th>\r\n\t\t\t<th scope=\"col\">b</th>\r\n\t\t\t<th scope=\"col\">type</th>\r\n\t\t</tr>\r\n\t</thead>\r\n\t<tbody>\r\n\t\t<tr>\r\n\t\t\t<td style=\"text-align:center\">1</td>\r\n\t\t\t<td style=\"text-align:center\">2</td>\r\n\t\t\t<td style=\"text-align:center\">cat</td>\r\n\t\t</tr>\r\n\t\t<tr>\r\n\t\t\t<td style=\"text-align:center\">2</td>\r\n\t\t\t<td style=\"text-align:center\">1</td>\r\n\t\t\t<td style=\"text-align:center\">cat</td>\r\n\t\t</tr>\r\n\t\t<tr>\r\n\t\t\t<td style=\"text-align:center\">3</td>\r\n\t\t\t<td style=\"text-align:center\">3</td>\r\n\t\t\t<td style=\"text-align:center\">dog</td>\r\n\t\t</tr>\r\n\t\t<tr>\r\n\t\t\t<td style=\"text-align:center\">4</td>\r\n\t\t\t<td style=\"text-align:center\">4</td>\r\n\t\t\t<td style=\"text-align:center\">dog</td>\r\n\t\t</tr>\r\n\t</tbody>\r\n</table>\r\n\r\n<p>&nbsp;</p>\r\n</div>\r\n</div>\r\n\r\n<pre>\r\n<code class=\"language-python\">import pandas as pd\r\nimport numpy as npdf = pd.DataFrame({\u2018a\u2019:[1,2,3,4],\u2019type\u2019:[\u2018cat\u2019,\u2019cat\u2019,\u2019dog\u2019,\u2019dog\u2019],\u2019b\u2019:[2,1,3,4]})\r\n\r\nresult = df.select_dtypes(include = [np.number,\u2019object\u2019])\r\n           .groupby(\u2018type\u2019)\r\n           .sum()\r\n           .sort_values(ascending = False,by = \u2018b\u2019)\r\n           .reset_index()\r\n           .a\r\n           .apply(lambda x : x+10)\r\n           .astype(\u2018int64\u2019)\r\n           .mean()</code></pre>\r\n</div>\r\n\r\n<p>&nbsp;</p>\r\n\r\n<p>If your answer is 15.0 you probably don&rsquo;t need these tips.:) For those who couldn&rsquo;t get the right answer. Please continue.</p>\r\n\r\n<p><em><strong>Pro Tip</strong></em>: <em>Always remember the object you&rsquo;re working with and what kind of object is returned after applying a method on it</em>.</p>\r\n\r\n<p>Let&rsquo;s apply it on the above example :</p>\r\n\r\n<p><code>df</code>: is an object of <strong>DataFrame</strong><code><strong>.</strong></code></p>\r\n\r\n<p><code><em>df.select_dtypes(include = [np.number,&rsquo;object&rsquo;])</em></code> : returns an object of <strong>DataFrame</strong><code><strong>.</strong></code></p>\r\n\r\n<p><code><em>.groupby(&lsquo;type&rsquo;)</em></code> : returns an object of <strong>DataFrameGroupBy. </strong>So we need to be careful now, because we can no longer apply DataFrame methods. We can only apply the methods and attributes of <strong>DataFrameGroupBy</strong><code><strong>.</strong></code></p>\r\n\r\n<p><code><em>.sum()</em></code>: returns an object of <strong>DataFrame</strong>. So now again we can apply methods available for <strong>DataFrame</strong>.</p>\r\n\r\n<p><code><em>.sort_values(ascending = False,by = &lsquo;b&rsquo;)</em></code>: returns an object of <strong>DataFrame</strong>.</p>\r\n\r\n<p><code><em>.reset_index()</em></code> :&nbsp;returns again a <strong>DataFrame</strong>.</p>\r\n\r\n<p><code><em>.a</em> </code>: Selects a column using dot notation and returns an object of <strong>Series</strong>. So now we can apply only those methods which are available for <code>Series</code> object.</p>\r\n\r\n<p><code><em>.apply(lambda x: x+10) : </em></code>returns an object of <strong>Series</strong>.</p>\r\n\r\n<p><code><em>.astype(&lsquo;int64&rsquo;)</em></code> : Casts each value of a series into int64 and returns an object of <strong>Series</strong>.</p>\r\n\r\n<p><code><em>.mean()</em></code>: returns an object of <strong>numpy.float64</strong>.</p>\r\n\r\n<h2>Conclusion</h2>\r\n\r\n<p>When you know the object you&rsquo;re working with, you can chain as many methods as needed and you don&rsquo;t mix up the methods of different objects. Also it saves you from creating many redundant variable.</p>", "tags": "pandas data-analysis", "date_created": "2020-01-02T18:51:53Z", "last_updated": "2020-01-10T21:18:25.934Z", "author": 1, "category": 1, "publish": true, "date_published": "2020-01-03T14:21:25.929Z", "featured": false, "image": "blog/pandas_chaning.jpg", "thumbnail": "blog/pandas_chaning_thumbnail.jpg"}}, {"model": "Blog.post", "pk": 4, "fields": {"title": "Data privacy and it's importance for everyone", "slug": "data-privacy-and-its-importance-for-everyone", "content": "<p>Data privacy is directly related to the collection, storage, and usage of data. With the ever-growing use of technology in our daily lives, we are all giving away and using data from various sources for different purposes. Data privacy is a term that aims to strike a balance between the collection of data and it&#39;s intended commercial usage. It is as important as</p>\r\n\r\n<p>Before diving deep into the importance of data privacy, let&#39;s first understand:</p>\r\n\r\n<h3>What is privacy?</h3>\r\n\r\n<blockquote>\r\n<p>Privacy is the ability of an individual to not share their private information without necessarily revealing the reason for it.</p>\r\n</blockquote>\r\n\r\n<h3>So why is it important in today&#39;s context?</h3>\r\n\r\n<blockquote>\r\n<p>People aren&#39;t comfortable sharing their private information. That is one of the reasons why they build homes with doors, windows and locks.</p>\r\n</blockquote>\r\n\r\n<blockquote>\r\n<p>It doesn&#39;t necessarily mean that they are doing something wrong. That is the way they are.</p>\r\n</blockquote>\r\n\r\n<p>Just to clarify:</p>\r\n\r\n<blockquote>\r\n<p>Data is the raw fact about something.</p>\r\n</blockquote>\r\n\r\n<blockquote>\r\n<p>Information is the collection of useful facts from raw data</p>\r\n</blockquote>\r\n\r\n<p><em>Data and information are two different terms. For the simplicity of the article, they are used interchangeably.</em></p>\r\n\r\n<p>So, back to data privacy. It is also known as <em>data security</em> or <em>information security</em>. Data is collected from us all the time. It aims to give control to the individual about the collection, storage, and intended usage of their data.</p>\r\n\r\n<p>Whether we are sharing locations from our smartphones to various applications, just signing up on different websites, using search engines for daily needs or simply browsing through the ever-increasing social media platforms, we are in a cycle that collect a lot of our personal data in response to the information given to us. Hence we need to be concerned.</p>\r\n\r\n<p>Data security has implications in the fields of the Internet, finance, politics, etc. Let&#39;s try to understand some of them in detail.</p>\r\n\r\n<h3>Internet</h3>\r\n\r\n<figure class=\"image\"><img alt=\"social-media\" height=\"300\" src=\"/media/blog/abhi/2020/01/07/social-media.jpg\" width=\"448\" />\r\n<figcaption>Image courtesy: Mohamed Hassan from pxhere.com</figcaption>\r\n</figure>\r\n\r\n<p>A lot of our daily communications occur through the Internet. Emails and messages need to be encrypted so that they aren&#39;t read by any third-party. <a href=\"https://en.wikipedia.org/wiki/Hillary_Clinton_email_controversy\" target=\"_blank\">The repurcussions of the breach are well documented as in 2016 Presidential elections of US</a>.</p>\r\n\r\n<p>Not only communications, we share a lot of information on social media platforms. This information if not handled carefully may lead to cyberstalking and damages to reputation.</p>\r\n\r\n<h3>Finance</h3>\r\n\r\n<figure class=\"image\"><img alt=\"internet transaction fraud\" height=\"300\" src=\"/media/blog/abhi/2020/01/07/internet-transaction-fraud.jpg\" width=\"448\" />\r\n<figcaption>Image courtesy: Mohamed Hassan from pxhere.com</figcaption>\r\n</figure>\r\n\r\n<p>Financial transactions reveal a lot about an individual&#39;s identity. They include<strong> sensitive information like their assets, stocks, bank-details</strong>. If this information lands into an unintended hand may lead to cyber fraud or identity theft.</p>\r\n\r\n<p>In some cases, such information is used by corporations for <a href=\"https://en.wikipedia.org/wiki/Target_market\" target=\"_blank\">target marketing</a>, sometimes even without the permission of the individual.</p>\r\n\r\n<h3>Voting</h3>\r\n\r\n<figure class=\"image\"><img alt=\"Voting\" height=\"300\" src=\"/media/blog/abhi/2020/01/07/voting.jpg\" width=\"352\" />\r\n<figcaption>Image courtesy: Mohamed Hassan from pxhere.com</figcaption>\r\n</figure>\r\n\r\n<p>Try to keep the voter&#39;s opinion secret has been an established practice since ancient times. Voters&#39; choice needs to be kept private in order to allow them to use their democratic rights without any apprehensions. Sadly, they aren&#39;t any current digital voting mechanisms that are foolproof, they have concerns regarding privacy and data theft.</p>\r\n\r\n<h3>Politics</h3>\r\n\r\n<p>The government collects a lot of citizen data. The data is intended to be used for purposes like identification, security, providing subsidies, etc.</p>\r\n\r\n<blockquote>\r\n<p><em>While this intention appears to be a noble one, there have been cases in the past where this information has been&nbsp;used for suppressing protests against the government.</em></p>\r\n</blockquote>\r\n\r\n<p>In some cases, when this data is collected by private parties, concerns have risen that amount from privacy to data security.</p>\r\n\r\n<h3>Conclusion</h3>\r\n\r\n<p>Hence we need to realize the importance of keeping data privacy in the current environment. We need to be careful before sharing our personal information with an unidentified source. <a href=\"https://en.wikipedia.org/wiki/Information_privacy_law#By_jurisdiction\" target=\"_blank\">A lot of the countries have strict data laws</a> but we need others also to follow suit.</p>", "tags": "data privacy", "date_created": "2020-01-02T18:43:28Z", "last_updated": "2020-01-09T19:38:58.765Z", "author": 2, "category": 6, "publish": true, "date_published": "2020-01-02T19:07:33.306Z", "featured": true, "image": "blog/data-privacy.jpg", "thumbnail": "blog/data-privacy_thumbnail.jpg"}}, {"model": "Blog.post", "pk": 8, "fields": {"title": "New features in Python 3.8", "slug": "new-features-in-python-38", "content": "<p>Python&#39;s <a href=\"https://www.python.org/doc/versions/\" target=\"_blank\">latest version</a> at the time of writing this article is 3.8.1. It was released on December 18, 2019. In this post, we&nbsp;list some of the new features in this version as compared to&nbsp;Python 3.7</p>\r\n\r\n<ul>\r\n\t<li><a href=\"#walrus-assignment-operator\">Walrus Assignment Operator</a></li>\r\n\t<li><a href=\"#position-only-parameter\">Position only parameter</a></li>\r\n\t<li><a href=\"#using-=-specifier-with-f-strings\">Using = specifier with f-strings</a></li>\r\n\t<li><a href=\"#syntax-warning\">Syntaxwarning</a></li>\r\n\t<li><a href=\"#improved-math-and-statistics-function\">Improved math and statics function</a></li>\r\n</ul>\r\n\r\n<p>&nbsp;</p>\r\n\r\n<h3><a id=\"walrus-assignment-operator\" name=\"walrus-assignment-operator\"></a>Walrus Assignment Operator</h3>\r\n\r\n<ul>\r\n\t<li>One of the biggest change in this version is the introduction of <strong>assignment operator</strong>. They are represented using the symbol&nbsp; <code><em>:=</em></code></li>\r\n\t<li>They are also known as <strong>walrus operator&nbsp;</strong>due to their resembelance to the <a href=\"https://en.wikipedia.org/wiki/Walrus#/media/File:Pacific_Walrus_-_Bull_(8247646168).jpg\" target=\"_blank\">eyes and tusks of a walrus</a>.</li>\r\n\t<li>They are generally used to assign and return values in the same expression.</li>\r\n</ul>\r\n\r\n<p>&nbsp;</p>\r\n\r\n<p>For example in Python 3.7</p>\r\n\r\n<pre>\r\n<code class=\"language-python\">foo = \"something\"\r\nprint (something)</code></pre>\r\n\r\n<p>In Python 3.8 we could write this as</p>\r\n\r\n<pre>\r\n<code class=\"language-python\">print (foo:=\"something\")</code></pre>\r\n\r\n<ul>\r\n\t<li>The <strong>walrus operator</strong>&nbsp;can also be used inside <code>if</code> or <code>while</code><em> </em>blocks that calculate a value to test a particular condition.</li>\r\n</ul>\r\n\r\n<p>&nbsp;</p>\r\n\r\n<pre>\r\n<code class=\"language-python\"># Check whether the first element of the list is 24\r\nwhile (foo:= a[0]) == 24:\r\n    process (foo)</code></pre>\r\n\r\n<h3><a id=\"position-only-parameter\" name=\"position-only-parameter\">Position Only Parameter</a>&nbsp;</h3>\r\n\r\n<ul>\r\n\t<li>The new function parameter syntax <code>/</code><em>&nbsp;&nbsp;</em>which indicates for some function parameters to be specified <strong>positionally</strong>. They can&#39;t be used as <strong>keyword assignments</strong>.&nbsp;</li>\r\n</ul>\r\n\r\n<p>&nbsp;</p>\r\n\r\n<pre>\r\n<code class=\"language-python\"># a, b are positional only arguments\r\n\r\ndef foo(a, b, /, c, d):\r\n    print (a, b, c, d)\r\n\r\n# You can use these as function calls\r\nfoo (8, 9, 10, d=11)\r\n\r\n# These are invalid calls\r\nfoo(a=8, 9, 10, 11)\r\nfoo(8, b=9, 10, 11)</code></pre>\r\n\r\n<ul>\r\n\t<li>One possible use case of positional arguments&nbsp;would be to disallow use of keyword argument when argument name is not helpful. Consider the following example</li>\r\n</ul>\r\n\r\n<p>&nbsp;</p>\r\n\r\n<pre>\r\n<code class=\"language-python\"># The definition of the built-in python function len\r\nlen(obj, /)\r\n    Return the number of items in a container.\r\n\r\n&gt;&gt;&gt; len(foo=\"something\")\r\nTraceback (most recent call last):\r\n  File \"&lt;stdin&gt;\", line 1, in &lt;module&gt;\r\nTypeError: len() takes no keyword arguments</code></pre>\r\n\r\n<ul>\r\n\t<li>Another benefit of marking an argument as position only is that it allows change of argument name in the future, without breaking the code</li>\r\n</ul>\r\n\r\n<hr />\r\n<h3><a id=\"using-=-specifier-with-f-strings\" name=\"using-=-specifier-with-f-strings\">Using = specifier with f-strings</a></h3>\r\n\r\n<ul>\r\n\t<li>One of my favourite addition is the support of&nbsp;<code>=</code> operator to&nbsp;<code>f-strings</code><em>&nbsp;</em>specifiers. This can be really helpful in debugging and self - documenting expressions.</li>\r\n</ul>\r\n\r\n<p>&nbsp;</p>\r\n\r\n<p>In Python 3.7 we would use</p>\r\n\r\n<pre>\r\n<code class=\"language-python\">#python 3.7\r\n&gt;&gt;&gt; num = 8\r\n&gt;&gt;&gt; print (\"num=\",num)\r\nnum= 8</code></pre>\r\n\r\n<p>&nbsp;In Python 3.8, we would simple write this as</p>\r\n\r\n<pre>\r\n<code class=\"language-python\"># python 3.8\r\n&gt;&gt;&gt; num = 8\r\n&gt;&gt;&gt; print(f'{num=}')\r\nnum=8\r\n</code></pre>\r\n\r\n<hr />\r\n<h3><a id=\"syntax-warning\" name=\"syntax-warning\">Syntax Warning</a></h3>\r\n\r\n<p>Syntax Warning<em>&nbsp;</em>helps in better debugging and coding purposes. Rather than just displaying a <code>SyntaxError</code><em>,&nbsp;</em>in this example the compiler displays <code>SyntaxWarning</code> as well</p>\r\n\r\n<pre>\r\n<code class=\"language-python\">&gt;&gt;&gt; [(10, 20) (30, 40)]\r\n&lt;stdin&gt;:1: SyntaxWarning: 'tuple' object is not callable; perhaps you missed a comma?\r\nTraceback (most recent call last):\r\n  File \"&lt;stdin&gt;\", line 1, in &lt;module&gt;\r\nTypeError: 'tuple' object is not callable</code></pre>\r\n\r\n<hr />\r\n<h3><a id=\"improved-math-and-statistics-function\" name=\"improved-math-and-statistics-function\">Improved Math and Statistics Function</a></h3>\r\n\r\n<p>A couple of functions have been added to the <em>math&nbsp;</em>module. Some of them are</p>\r\n\r\n<ul>\r\n\t<li><span style=\"font-size:14px\"><strong><em>math.prod</em></strong></span></li>\r\n</ul>\r\n\r\n<p>A function that analogous to the&nbsp;<em>sum&nbsp;</em>function returns the product of a &#39;start&#39; value(<em>default</em>: 1) times an iterable of numbers.</p>\r\n\r\n<pre>\r\n<code class=\"language-python\">&gt;&gt;&gt; import math\r\n&gt;&gt;&gt; lst = [1, 2, 3, 4, 5]\r\n&gt;&gt;&gt; math.prod(lst)\r\n120</code></pre>\r\n\r\n<ul>\r\n\t<li><span style=\"font-size:14px\"><strong><em>math.isqrt</em></strong></span></li>\r\n</ul>\r\n\r\n<p><code><span style=\"font-family:monospace\">math.isqrt()</span></code>&nbsp;computes&nbsp;accurate <strong>integer square roots</strong> without conversion to floating point. It&nbsp;supports arbitrarily large integers. According to the documentation</p>\r\n\r\n<blockquote>\r\n<p>It is faster than&nbsp;<code>floor(sqrt(n))</code>&nbsp;but slower than <code><span style=\"font-family:monospace\">math.sqrt()</span></code></p>\r\n</blockquote>\r\n\r\n<pre>\r\n<code class=\"language-python\">&gt;&gt;&gt; math.isqrt(9)\r\n3\r\n&gt;&gt;&gt; math.isqrt(15)\r\n3\r\n&gt;&gt;&gt; math.sqrt(15)\r\n3.872983346207417</code></pre>\r\n\r\n<p>A lot more changes have been incorporated in Python 3.8. For a more comphrehensive list of changes you can have a look at the <a href=\"https://docs.python.org/release/3.8.1/whatsnew/3.8.html\" target=\"_blank\">official documentation</a>.</p>", "tags": "python python3.8 new-release", "date_created": "2020-01-06T10:20:19Z", "last_updated": "2020-01-10T21:14:42.921Z", "author": 2, "category": 1, "publish": true, "date_published": "2020-01-06T13:23:12.850Z", "featured": false, "image": "blog/python-3.8.jpg", "thumbnail": "blog/python-38_thumbnail.jpg"}}, {"model": "Blog.post", "pk": 12, "fields": {"title": "Increase in spam call by 18% in 2019", "slug": "increase-in-spam-call-by-18-in-2019", "content": "<p>According to the report published on <a href=\"https://truecaller.blog/2019/12/03/truecaller-insights-top-20-countries-affected-by-spam-calls-sms-in-2019/\" target=\"_blank\">truecaller blog</a> spam calls grew by 18% this year in 2019. The firm based in Stockholm said that it had helped block about 26 billion spam calls this year. The corresponding statistics for 2018 at about 17.1 million.</p>\r\n\r\n<h2><strong>Key Insights</strong></h2>\r\n\r\n<p>Brazil tops the list, India is on 5th while the USA stands on 8th.</p>\r\n\r\n<p>Most Latin American countries have seen a dramatic increase in the number of spam calls.</p>\r\n\r\n<p>The country with the biggest increase in total spam calls is Indonesia, which saw it jump from 16 last year to 3 this year.</p>\r\n\r\n<figure class=\"image\"><img alt=\"Top 20 countries affected by spam calls in 2019\" src=\"/media/blog/abhi/2020/01/07/top-20-spam-calls.jpg\" />\r\n<figcaption>Image courtesy Truecaller blog</figcaption>\r\n</figure>\r\n\r\n<h2><strong>Brazil</strong></h2>\r\n\r\n<p>Brazil continues to be at top of the list. Quoting the report</p>\r\n\r\n<blockquote>\r\n<p>Almost every other spam call in Brazil is being made from the operators and Internet service providers. In the past 12 months, calls from the operators have increased from 32% to 48%</p>\r\n</blockquote>\r\n\r\n<h2><strong>India</strong></h2>\r\n\r\n<p>Although India has slipped down to fifth from being at the top in 2017, the country saw an increase of about 15% this year. The report attributes the telecom operator as one of the major spammers. In addition to this, the report says</p>\r\n\r\n<blockquote>\r\n<p>However, with the rise of mobile payments and a growing middle class in India, we have seen banks, fin-tech companies, and outsourced telemarketing services emerging as big spammers.</p>\r\n</blockquote>\r\n\r\n<p>The report also sites that <strong>1 out of every 3 women</strong> in India receive sexual harassment or inappropriate calls or SMS on a regular basis.</p>\r\n\r\n<h2><strong>USA</strong></h2>\r\n\r\n<p>The United States continues to be the eighth-most spammed country. The report blames the increasing robocalls to be the main offender.</p>\r\n\r\n<blockquote>\r\n<p>Comparing with last year, the number of robocalls has increased from 7% to a staggering 35% &ndash; which means that<strong> more than every third spam call a user gets is a robocall.</strong></p>\r\n</blockquote>\r\n\r\n<p>&nbsp;</p>\r\n\r\n<p>One of the main reasons for the increase is attributed to the ever-increasing usage of phones in daily life. They have become an undifferentiable part of our life and have made all of us much more accessible.</p>\r\n\r\n<p>The report also shows the countries most affected by spam SMS.</p>\r\n\r\n<figure class=\"image\"><img alt=\"Top 20 countries affected by spam SMS\" src=\"/media/blog/abhi/2020/01/07/top-20-spam-sms.jpg\" />\r\n<figcaption>Image courtesy Truecaller blog</figcaption>\r\n</figure>", "tags": "spam calls truecaller", "date_created": "2020-01-06T18:18:04Z", "last_updated": "2020-01-06T21:13:47.773Z", "author": 2, "category": 7, "publish": true, "date_published": "2020-01-06T18:43:40.615Z", "featured": false, "image": "blog/truecaller-logo.png", "thumbnail": "blog/truecaller-logo_thumbnail.png"}}, {"model": "Blog.post", "pk": 13, "fields": {"title": "The Importance of STEAM Education", "slug": "the-importance-of-steam-education", "content": "<p>In this post we&#39;ll briefly discuss what is <strong>STEAM</strong> education, why has it become <s><strong>important</strong></s> very <strong>important</strong> in this current age and what steps should we take to expose students towards this field?</p>\r\n\r\n<blockquote>\r\n<p>STEAM stands for Science, Technology, Engineering, Arts, and Mathematics.&nbsp;</p>\r\n</blockquote>\r\n\r\n<h2>&nbsp;So what&#39;s so special about this?</h2>\r\n\r\n<figure class=\"image\"><img alt=\"\" height=\"400\" src=\"/media/blog/abhi/2020/01/10/kids-coding.jpg\" width=\"533\" />\r\n<figcaption>Image courtsey: staycurious.com</figcaption>\r\n</figure>\r\n\r\n<p>It is special in the sense that the<strong> </strong></p>\r\n\r\n<blockquote>\r\n<p>STEAM field encourages students into thinking about the problem, conceptualizing the solution, building on the solution, failing once or twice or more, then reassessing about the approach and repeat.</p>\r\n</blockquote>\r\n\r\n<p>Our current education seems to under-emphasize this concept and instead gets lost in some curriculum.</p>\r\n\r\n<p>There are different methods, techniques but the core idea remains the same. So now we know a bit about what is STEAM education. Let&#39;s understand why has it become important these days.</p>\r\n\r\n<h2>Importance of STEAM</h2>\r\n\r\n<p>According to this&nbsp;<a href=\"http://resources.oxfordeconomics.com/how-robots-change-the-world\" target=\"_blank\">report</a> by an economics forecast company Oxford Economics, <strong>robotics will displace 20 million jobs worldwide</strong>. This roughly represents <strong>8.5% of the global manufacturing source</strong>.&nbsp;We just can&#39;t ignore this. We should not. Given the pace at which technology is advancing these predictions appear to be true to the present.</p>\r\n\r\n<p>So what&#39;s the solution? Be creative. Think Critically.</p>\r\n\r\n<blockquote>\r\n<p>What does thinking critically mean?<br />\r\nCritically thinking is the process of understanding, analyzing a set of observations and then coming up with some solutions or insights.</p>\r\n</blockquote>\r\n\r\n<figure class=\"image\"><img alt=\"Thinking in a innovative way\" height=\"400\" src=\"/media/blog/abhi/2020/01/07/brain-tree-idea-educationcom.jpg\" width=\"621\" />\r\n<figcaption>Image Courtesy Mohamed Hassan on pxhere.com</figcaption>\r\n</figure>\r\n\r\n<p>How all of these apply to a kid&#39;s education? Why should you bother all these things about your child? The answer is clear. They need to be prepared for the future. Currently, they are learning skills that will become obsolete. That&#39;s why we need to take steps towards this problem.</p>\r\n\r\n<blockquote>\r\n<p>Students at an early age behave like a sponge, ready to absorb from every experience they have.</p>\r\n</blockquote>\r\n\r\n<p>They are critical thinkers naturally. But here is the catch. This aspect doesn&#39;t last for long, for a mind to remain curious it has to be consistently fanned and fueled, absence of this will cause the critical thinking and curiosity to fade away slowly.</p>\r\n\r\n<p>Last question, what steps should we take to expose kids towards this field?</p>\r\n\r\n<blockquote>\r\n<p>We need our teachers and parents who can arouse curiosity, develop their thought process, help them understand the working of small devices to this humongous universe and so on.</p>\r\n</blockquote>\r\n\r\n<h2>Conclusion</h2>\r\n\r\n<p>In short, we should look to encourage every student&#39;s process to be a <strong>critical thinker</strong>, <strong>innovator</strong>, <strong>maker</strong>, and last but not the least we help them create the future.</p>", "tags": "stem steam education kids", "date_created": "2020-01-06T21:21:30Z", "last_updated": "2020-01-09T18:57:30.736Z", "author": 1, "category": 2, "publish": true, "date_published": "2020-01-06T21:26:57.786Z", "featured": false, "image": "blog/STEAM_education.jpg", "thumbnail": "blog/STEAM_education_thumbnail.jpg"}}, {"model": "Blog.post", "pk": 14, "fields": {"title": "What is Artificial Intelligence?", "slug": "what-is-artificial-intelligence", "content": "<p>Artificial Intelligence is on everyone&rsquo;s mouth - Engineers, Entrepreneurs, Investors, Government, Journalists, etc. Now and then we get some inspiring news like <a class=\"markup--anchor markup--p-anchor\" href=\"http://news.mit.edu/2017/wearable-visually-impaired-users-navigate-0531\" rel=\"noopener\" target=\"_blank\">AI helps blind people see,</a> <a class=\"markup--anchor markup--p-anchor\" href=\"https://www.the-scientist.com/news-opinion/ai-accurately-detects-lung-cancer-in-scans-65914\" rel=\"noopener\" target=\"_blank\">AI Accurately Detects Lung Cancer in Scans</a>. And some scary news like - <a class=\"markup--anchor markup--p-anchor\" href=\"http://generate%20fake%20news\" rel=\"noopener\" target=\"_blank\">AI generates fake news,</a> more serious <a class=\"markup--anchor markup--p-anchor\" href=\"https://bigthink.com/technology-innovation/new-ai-can-create-fake-videos-of-people-from-a-single-picture\" rel=\"noopener\" target=\"_blank\">fake videos</a>.</p>\r\n\r\n<p>So what is Artificial Intelligence - It is the field of study which enables machines for decision-making abilities. In the entire history, humans are considered unique among all species because of its one special characteristics called - Intelligence. Half a century ago only a few would have imagined that a machine could read handwriting, speak fluently in natural language, cure diseases, etc. But now it&rsquo;s possible and we are the first generation to witness this incredible achievement.</p>\r\n\r\n<h2>Why Now</h2>\r\n\r\n<p>It didn&rsquo;t take off all of a sudden. The research was going on in this field for nearly half a decade. All the shiny results that we see today comes from a small sub-field of AI called Deep Learning. The 2012 results on ImageNet classification challenge sparked interest in this field. And the availability of high computing power and large storage at a relatively cheap rate made it possible to expedite the advancements in this field.</p>\r\n\r\n<h2>Applications of Artificial Intelligence</h2>\r\n\r\n<p>There are countless applications of AI. Easy availability of tools and resources has made it possible for companies of all sizes to integrate it into their products. The most common fields in which AI has established success are healthcare, self-driving cars, human-vs-computer games, visual recognition, speech recognition, machine translation, natural language processing, etc.</p>\r\n\r\n<h2>Challenges of AI</h2>\r\n\r\n<p>Despite being hugely successful in areas like computer vision and natural language processing, there are some flaws that can&#39;t be overlooked. AI remains in news for being biased on the basis of sex, color, race, etc. It happens not because AI has formed its own opinion but due to this kind of biasedness present in the data. There are also challenges like :</p>\r\n\r\n<ul>\r\n\t<li>Explainability and Interpretability</li>\r\n\t<li>Legal Issues</li>\r\n\t<li>Data availability</li>\r\n</ul>\r\n\r\n<h2>Impact of AI</h2>\r\n\r\n<p>While AI is improving at a very fast rate, it has become a matter of concern, whether it will lead to mass unemployment. The advent of self-driving cars, skilled robots, virtual assistants have already started to replace humans. According to a <a class=\"dc by ig ih ii ij\" href=\"https://www.forrester.com/Forrester+Predicts+IoT+AI+AR+And+VR+Will+Change+The+Tech+World+By+2021/-/E-PRE9464\" rel=\"noopener nofollow\" target=\"_blank\">report</a>, just by 2021,<strong> </strong>intelligent agents and related robots will have eliminated a net 6% of jobs.</p>\r\n\r\n<p>&nbsp;</p>\r\n\r\n<h2>Conclusion</h2>\r\n\r\n<p>Whether we believe it or not, our life is already affected by artificial intelligence. Be it Google Assistant, search engine result, amazon product recommendations, Facebook image analysis and so on. For a better future, we need to ensure AI remains open, accessible and useful for all instead of closed or centralized, inaccessible to common people and useful to only a handful of people.</p>", "tags": "artificial-intelligence introductory", "date_created": "2020-01-07T16:26:08Z", "last_updated": "2020-01-10T18:36:58.678Z", "author": 1, "category": 4, "publish": true, "date_published": "2020-01-07T18:47:25.566Z", "featured": false, "image": "blog/artificial-intelligence-3262753_1280.jpg", "thumbnail": "blog/artificial-intelligence-3262753_1280_thumbnail.jpg"}}, {"model": "Blog.post", "pk": 15, "fields": {"title": "Top 10 Programming Languages to learn in 2020", "slug": "top-10-programming-languages-to-learn-in-2020", "content": "<p>Programming languages are evolving at an unprecedented rate. Every year we observe some of it going less popular or obsolete and some of them gaining tremendous popularity. As a beginner or even experienced developer, you need to stay updated to gain the maximum benefits in terms of career prospects. It doesn&rsquo;t take too much time to change the landscape of technology.</p>\r\n\r\n<p>Here is the list of the&nbsp;<strong>top 10 programming languages</strong></p>\r\n\r\n<h3>Python</h3>\r\n\r\n<p>Python has made programming incredibly fun and easy. It has helped people from wildly different fields (Medical, Law, Physics, etc) to learn to code easily. It has many superpowers\u200a&mdash;\u200aEasy syntax, tons and tons of packages, community support, online resources.</p>\r\n\r\n<hr />\r\n<h3>Javascript</h3>\r\n\r\n<p>When it comes to the web, there is only one leader\u200a&mdash;\u200aJavascript. There are definitely ups and downs in libraries and frameworks but the language stays relevant. You should seek proficiency in this if you wish to create web applications.</p>\r\n\r\n<hr />\r\n<h3>Go(lang)</h3>\r\n\r\n<p>It&rsquo;s relatively new entrant but its dominance is increasing every day. It makes it easy to build simple, reliable, and efficient software. Go is an open-source project developed and actively maintained by google.</p>\r\n\r\n<hr />\r\n<h3>C++</h3>\r\n\r\n<p>It was released in October 1985 by Bjarne Stroustrup. Since then it has matured enough to stay for many more decades to come. If you want to create something that requires high performance, efficiency, resource-constraints then C++ is the best language to choose.</p>\r\n\r\n<hr />\r\n<h3>Java</h3>\r\n\r\n<p><strong>3 billion devices run Java. </strong>Need I say more? Java is the current leader and no one seems even closer to it in Android development. But it&rsquo;s only limited to this it&rsquo;s also widely used in desktop GUI applications, web servers and application servers, etc.</p>\r\n\r\n<hr />\r\n<h3>Swift</h3>\r\n\r\n<p>It is a general-purpose language developed by tech giant Apple. If you want to develop high-quality native iOS or Mac OS apps then look no further.</p>\r\n\r\n<hr />\r\n<h3>Julia</h3>\r\n\r\n<p>It gives you the best of both worlds\u200a&mdash;\u200aSyntax like Python and Speed like C and Go. It&rsquo;s also open-source and well-suited for high-performance numerical analysis and computational science.</p>\r\n\r\n<hr />\r\n<h3>C#</h3>\r\n\r\n<p>This language is must learn if you&rsquo;re planning to create software applications for Microsoft platform either for hobby purpose or industry standard. Some great examples of its use case are\u200a&mdash;\u200aMicrosoft Office (Word, Excel, PowerPoint, etc ), Adobe Photoshop, Skype.</p>\r\n\r\n<hr />\r\n<h3>R</h3>\r\n\r\n<p>Though its popularity is overpowered by Python but R is still highly used mainly for data analysis. There are some really beautiful packages like ggplot2 and powerful package dplyr, caret.</p>\r\n\r\n<hr />\r\n<h3>SQL</h3>\r\n\r\n<p>While SQL is not generally used as a general-purpose programming language but its capability is beyond any description. If you are starting or working with a structured form of data then you master this classic query language.</p>\r\n\r\n<p>&nbsp;</p>\r\n\r\n<p>There is one thing we should keep in mind; there&rsquo;s no best language and worst language. It depends on your purpose, experience, and requirements. If you&rsquo;re just starting out, you can choose Python and then switch to another language later on.</p>", "tags": "programming-language python c++ java julia swift go sql", "date_created": "2020-01-07T20:24:25Z", "last_updated": "2020-01-10T21:12:22.408Z", "author": 1, "category": 1, "publish": true, "date_published": "2020-01-07T20:37:08.571Z", "featured": true, "image": "blog/language_small.jpg", "thumbnail": "blog/language_small_thumbnail.jpg"}}, {"model": "Blog.post", "pk": 16, "fields": {"title": "Introduction to Object-oriented Programming", "slug": "introduction-to-object-oriented-programming", "content": "<p>If you&#39;ve ever written code that had a lot of repetitive components with very little variation, a long list of arguments in functions, and very hard to identify which components are related to which. These problems are inevitable if the codebase is started without any structure in mind and its size becomes a bit large. Besides knowing other software development practices you should also know some programming paradigms which is a very important concept in Computer Science. In this post, we&#39;ll start with Object-oriented.</p>\r\n\r\n<h2>What Is Object-Oriented Programming?</h2>\r\n\r\n<p>Object-oriented Programming is one of the most popular programming-paradigm which works on the concept of objects.</p>\r\n\r\n<p>The best thing about OOP is code re-usability. It means once we define the blueprint of any object we just have to create an object and voila, we have access to all the methods and attributes of that object.</p>\r\n\r\n<p>Objects can have data and code in the form of attributes and methods respectively.</p>\r\n\r\n<p>Most popular OOP languages are class-based, which means we first define the class and then create an instance of those classes. We call those instances as an object.</p>\r\n\r\n<p>Common OOP languages are Python, C++, Java, C#. These languages are not OOP entirely but they do support most of the concepts.</p>\r\n\r\n<p>The following are common concepts of OOP</p>\r\n\r\n<p>1. Encapsulation</p>\r\n\r\n<p>2. Abstraction</p>\r\n\r\n<p>3. Inheritance</p>\r\n\r\n<p><em>4. Polymorphism</em></p>\r\n\r\n<p>which we&rsquo;ll learn in this series one by one.</p>", "tags": "object-oriented programming-paradigms cs-theory", "date_created": "2020-01-08T16:33:58Z", "last_updated": "2020-01-09T20:38:35.798Z", "author": 1, "category": 1, "publish": true, "date_published": "2020-01-08T17:12:30.900Z", "featured": false, "image": "blog/oops.png", "thumbnail": "blog/oops_thumbnail.png"}}, {"model": "Blog.post", "pk": 17, "fields": {"title": "Introduction to Robotics", "slug": "introduction-to-robotics", "content": "<p>Before trying to understand robotics, let us first be clear on what are robots. They are different versions from different people on what they categorize as robots. On that is most agreed upon is that :</p>\r\n\r\n<blockquote>\r\n<p>Robots are a machine capable of reducing human efforts by performing a complex set of tasks automatically.</p>\r\n</blockquote>\r\n\r\n<p>They are programmable by computers and may be controlled by an external source or a source embedded inside them. Autonomous cars, voice assistants, humanoids, etc. are all examples of robots.</p>\r\n\r\n<p>Now coming back to Robotics</p>\r\n\r\n<blockquote>\r\n<p>Robotics is the branch of engineering that deals with the designing, construction, control, usage, etc. of the robots.</p>\r\n</blockquote>\r\n\r\n<p>It is an interdisciplinary branch that includes but isn&#39;t confined to computer science, electronics, mechanical, information engineering, etc.</p>\r\n\r\n<h3>Why is it interesting</h3>\r\n\r\n<p>There is a reason this field excites every technological enthusiast. It is really fascinating to see the latest discoveries. There are reasons that drive people towards working in this field.</p>\r\n\r\n<ul>\r\n\t<li>Robotics tries to mix the best of the worlds of hardware and software.</li>\r\n\t<li>It aims to automate the risky, tedious and boring stuff so that humans can concentrate on other problems(there are a lot of them, believe me!).</li>\r\n</ul>\r\n\r\n<p>&nbsp;</p>\r\n\r\n<h3>What are the concerns</h3>\r\n\r\n<p>The drastic evolution and the ever-growing usage of robotics in our daily lives has also raised a few valid concerns.</p>\r\n\r\n<ul>\r\n\t<li>While robots have increased productivity and efficiency in most fields, according to a <a href=\"http://resources.oxfordeconomics.com/how-robots-change-the-world\" target=\"_blank\">report</a> published in Oxford Economic Forum estimate, up to 20 million manufacturing jobs are set to be lost to robots by 2030.</li>\r\n\t<li>All robots aren&#39;t that safe. There is a reason fenced robots in manufacturing are fenced.</li>\r\n\t<li>This concern is not much of an issue considering the current scenario but needs to be addressed in the future. Robotics in combination with Artificial Intelligence could be&nbsp; used against humans</li>\r\n\t<li>The world still suffers from the waste disposal issues, electronics waste disposal only adds to its concerns.</li>\r\n</ul>\r\n\r\n<p>&nbsp;</p>\r\n\r\n<h3>What is the future</h3>\r\n\r\n<p>Robots have entered almost all fields and threaten to broaden their scope every day. The constant evolution in the fields of artificial intelligence, quantum computing, etc has opened up more avenues for robotics.</p>\r\n\r\n<ul>\r\n\t<li>Drone deliveries have just started but it will surely be a thing to watch out for.</li>\r\n\t<li>All Terrain Robots (ATR) will be used for successfully rescuing people from forests and areas where humans would take a lot more time to reach. <a href=\"https://www.nsf.gov/discoveries/disc_summ.jsp?cntn_id=118874&amp;WT.mc_id=USNSF_1\" target=\"_blank\">Research</a> regarding this was published by the National Science Foundation, United States of America in 2011.</li>\r\n\t<li><a href=\"http://robocup.org\" target=\"_blank\">RoboCup</a>, an organization is working on building robots that can win a soccer game in FIFA 2050. This would really be a spectacle to watch. Their objective in their own words:</li>\r\n</ul>\r\n\r\n<blockquote>\r\n<p><em>By the middle of the 21st century, a team of fully autonomous humanoid robot soccer players shall win a soccer game, complying with the official rules of FIFA, against the winner of the most recent World Cup.</em></p>\r\n</blockquote>\r\n\r\n<p>Currently, robots are driving cars, patrolling (UAV - unmanned aerial vehicles), cooking and what not but most of these fields are yet developing. This is both exciting as well as scary.</p>\r\n\r\n<p>&nbsp;</p>", "tags": "robotics hardware", "date_created": "2020-01-09T13:13:46Z", "last_updated": "2020-01-09T17:25:52.036Z", "author": 2, "category": 5, "publish": true, "date_published": "2020-01-09T16:07:50.788Z", "featured": false, "image": "blog/robot.jpg", "thumbnail": "blog/robot_thumbnail.jpg"}}, {"model": "Blog.post", "pk": 18, "fields": {"title": "Top 10 Programming Quotes.", "slug": "top-10-programming-quotes", "content": "<blockquote>\r\n<p>&quot;Any fool can write code that a computer can understand. Good programmers write code that humans can understand.<em>&quot;&nbsp; - <span style=\"font-family:Georgia,serif\">Martin Fowler</span></em></p>\r\n</blockquote>\r\n\r\n<hr />\r\n<blockquote>\r\n<p>&quot;Code is like humor. When you have to explain it, it&rsquo;s bad.&quot;&nbsp;&nbsp;<em>- <span style=\"font-family:Georgia,serif\">Cory House</span></em></p>\r\n</blockquote>\r\n\r\n<hr />\r\n<blockquote>\r\n<p><em>&quot;</em>Fix the cause, not the symptom.<em>&quot;&nbsp; - <span style=\"font-family:Georgia,serif\">Steve Maguire</span></em></p>\r\n</blockquote>\r\n\r\n<hr />\r\n<blockquote>\r\n<p><em>&quot;</em>When to use iterative development? You should use iterative development only on projects that you want to succeed.<em>&quot;&nbsp; &nbsp;- <span style=\"font-family:Georgia,serif\">Martin Fowler</span></em></p>\r\n</blockquote>\r\n\r\n<hr />\r\n<blockquote>\r\n<p><em>&quot;</em>Before software can be reusable it first has to be usable.<em>&quot;&nbsp; &nbsp;- <span style=\"font-family:Georgia,serif\">Ralph Johnson</span></em></p>\r\n</blockquote>\r\n\r\n<hr />\r\n<blockquote>\r\n<p><em>&quot;</em>Optimism is an occupational hazard of programming: feedback is the treatment.<em>&quot;&nbsp; - <span style=\"font-family:Georgia,serif\">Kent Beck</span></em></p>\r\n</blockquote>\r\n\r\n<hr />\r\n<blockquote>\r\n<p>&quot;Walking on water and developing software from a specification are easy if both are frozen.&quot;&nbsp;&nbsp;<em>- <span style=\"font-family:Georgia,serif\">Edward V Berard</span></em></p>\r\n</blockquote>\r\n\r\n<hr />\r\n<blockquote>\r\n<p>&quot;Talk is cheap. Show me the code.&quot;&nbsp; -&nbsp;<span style=\"font-family:Georgia,serif\"><em>Linus Torvalds</em></span></p>\r\n</blockquote>\r\n\r\n<hr />\r\n<blockquote>\r\n<p>&quot;Most of you are familiar with the virtues of a programmer. There are three, of course: laziness, impatience, and hubris.&quot;&nbsp;&nbsp;<em>- <span style=\"font-family:Georgia,serif\">Larry Wall</span></em></p>\r\n</blockquote>\r\n\r\n<hr />\r\n<blockquote>\r\n<p>&quot;Always code as if the guy who ends up maintaining your code will be a violent psychopath who knows where you live.&quot;&nbsp;&nbsp;<em>- <span style=\"font-family:Georgia,serif\">Martin Golding</span></em></p>\r\n</blockquote>\r\n\r\n<hr />\r\n<h3>Bonus quote&nbsp;<br />\r\n&nbsp;</h3>\r\n\r\n<blockquote>\r\n<p>&quot;If builders built buildings the way programmers wrote programs, then the first woodpecker that came along would destroy civilization.&quot;&nbsp;&nbsp;<em>- <span style=\"font-family:Georgia,serif\">Gerald Weinberg</span></em></p>\r\n</blockquote>", "tags": "quotes", "date_created": "2020-01-10T19:21:45Z", "last_updated": "2020-01-10T21:09:27.945Z", "author": 1, "category": 1, "publish": true, "date_published": "2020-01-10T20:26:18.398Z", "featured": true, "image": "blog/top_10.jpg", "thumbnail": "blog/top_10_thumbnail.jpg"}}, {"model": "Users.profile", "pk": 1, "fields": {"user": 1, "bio": "Believes in infinitesimal small + change!", "image": "profile_pics/default.jpg", "public": false, "website": null, "location": "India", "join_date": "2020-01-02T16:11:03.659Z", "twitter": null, "instagram": null, "linkedin": null, "bookmarked_posts": [1, 16]}}, {"model": "Users.profile", "pk": 2, "fields": {"user": 2, "bio": "keenest wolf among the pack...", "image": "profile_pics/default.jpg", "public": false, "website": null, "location": "Tetarpur", "join_date": "2020-01-02T17:32:46.168Z", "twitter": null, "instagram": null, "linkedin": "https://www.linkedin.com/in/abhiabhi94/", "bookmarked_posts": [1]}}, {"model": "Users.profile", "pk": 3, "fields": {"user": 3, "bio": null, "image": "profile_pics/Techfront.png", "public": true, "website": null, "location": null, "join_date": "2020-01-09T19:52:40.823Z", "twitter": null, "instagram": null, "linkedin": null, "bookmarked_posts": []}}, {"model": "Users.profile", "pk": 5, "fields": {"user": 5, "bio": null, "image": "profile_pics/default.jpg", "public": false, "website": null, "location": null, "join_date": "2020-01-10T17:29:33.432Z", "twitter": "", "instagram": "", "linkedin": "", "bookmarked_posts": [12]}}, {"model": "Subscribers.subscriber", "pk": 1, "fields": {"email": "adjnct@gmail.com", "date": "2020-01-02T17:54:52.239Z"}}, {"model": "Subscribers.subscriber", "pk": 2, "fields": {"email": "dkjofficials@gmail.com", "date": "2020-01-02T17:55:30.953Z"}}, {"model": "hitcount.hitcount", "pk": 1, "fields": {"hits": 0, "modified": "2020-01-10T21:24:19.140Z", "content_type": 7, "object_pk": 1}}, {"model": "hitcount.hitcount", "pk": 2, "fields": {"hits": 0, "modified": "2020-01-10T21:24:16.678Z", "content_type": 7, "object_pk": 4}}, {"model": "hitcount.hitcount", "pk": 3, "fields": {"hits": 0, "modified": "2020-01-10T21:24:04.419Z", "content_type": 7, "object_pk": 2}}, {"model": "hitcount.hitcount", "pk": 7, "fields": {"hits": 0, "modified": "2020-01-10T21:23:50.134Z", "content_type": 7, "object_pk": 8}}, {"model": "hitcount.hitcount", "pk": 8, "fields": {"hits": 0, "modified": "2020-01-10T21:23:43.612Z", "content_type": 7, "object_pk": 12}}, {"model": "hitcount.hitcount", "pk": 9, "fields": {"hits": 0, "modified": "2020-01-10T21:23:50.745Z", "content_type": 7, "object_pk": 13}}, {"model": "hitcount.hitcount", "pk": 10, "fields": {"hits": 0, "modified": "2020-01-10T21:23:48.995Z", "content_type": 7, "object_pk": 14}}, {"model": "hitcount.hitcount", "pk": 11, "fields": {"hits": 0, "modified": "2020-01-10T21:23:49.212Z", "content_type": 7, "object_pk": 15}}, {"model": "hitcount.hitcount", "pk": 12, "fields": {"hits": 0, "modified": "2020-01-10T21:23:49.358Z", "content_type": 7, "object_pk": 16}}, {"model": "hitcount.hitcount", "pk": 13, "fields": {"hits": 0, "modified": "2020-01-10T21:23:49.966Z", "content_type": 7, "object_pk": 17}}, {"model": "hitcount.hitcount", "pk": 14, "fields": {"hits": 0, "modified": "2020-01-10T20:26:18.907Z", "content_type": 7, "object_pk": 18}}, {"model": "hitcount.blacklistip", "pk": 1, "fields": {"ip": "127.0.0.1"}}, {"model": "hitcount.blacklistip", "pk": 2, "fields": {"ip": "192.168.1.104"}}, {"model": "hitcount.blacklistip", "pk": 3, "fields": {"ip": "192.168.1.101"}}, {"model": "admin.logentry", "pk": 1, "fields": {"action_time": "2020-01-02T16:15:00.776Z", "user": 1, "content_type": 8, "object_id": "1", "object_repr": "coding", "action_flag": 1, "change_message": "[{\"added\": {}}]"}}, {"model": "admin.logentry", "pk": 2, "fields": {"action_time": "2020-01-02T16:15:53.073Z", "user": 1, "content_type": 8, "object_id": "1", "object_repr": "coding", "action_flag": 2, "change_message": "[]"}}, {"model": "admin.logentry", "pk": 3, "fields": {"action_time": "2020-01-02T16:20:02.242Z", "user": 1, "content_type": 8, "object_id": "2", "object_repr": "kids", "action_flag": 1, "change_message": "[{\"added\": {}}]"}}, {"model": "admin.logentry", "pk": 4, "fields": {"action_time": "2020-01-02T16:20:15.826Z", "user": 1, "content_type": 8, "object_id": "2", "object_repr": "kids", "action_flag": 2, "change_message": "[]"}}, {"model": "admin.logentry", "pk": 5, "fields": {"action_time": "2020-01-02T16:21:29.806Z", "user": 1, "content_type": 8, "object_id": "3", "object_repr": "science", "action_flag": 1, "change_message": "[{\"added\": {}}]"}}, {"model": "admin.logentry", "pk": 6, "fields": {"action_time": "2020-01-02T16:23:33.763Z", "user": 1, "content_type": 8, "object_id": "4", "object_repr": "artificial intelligence", "action_flag": 1, "change_message": "[{\"added\": {}}]"}}, {"model": "admin.logentry", "pk": 7, "fields": {"action_time": "2020-01-02T16:25:12.737Z", "user": 1, "content_type": 8, "object_id": "5", "object_repr": "robotics", "action_flag": 1, "change_message": "[{\"added\": {}}]"}}, {"model": "admin.logentry", "pk": 8, "fields": {"action_time": "2020-01-02T16:49:53.734Z", "user": 1, "content_type": 7, "object_id": "1", "object_repr": "Why should you teach your kids to code", "action_flag": 1, "change_message": "[{\"added\": {}}]"}}, {"model": "admin.logentry", "pk": 9, "fields": {"action_time": "2020-01-02T17:40:57.037Z", "user": 1, "content_type": 7, "object_id": "1", "object_repr": "Why should you teach your kids to code", "action_flag": 2, "change_message": "[{\"changed\": {\"fields\": [\"image\"]}}]"}}, {"model": "admin.logentry", "pk": 10, "fields": {"action_time": "2020-01-02T17:52:31.094Z", "user": 1, "content_type": 7, "object_id": "1", "object_repr": "Why should you teach your kids to code", "action_flag": 2, "change_message": "[{\"changed\": {\"fields\": [\"publish\"]}}]"}}, {"model": "admin.logentry", "pk": 11, "fields": {"action_time": "2020-01-02T17:58:18.703Z", "user": 1, "content_type": 7, "object_id": "1", "object_repr": "Why should you teach your kids to code", "action_flag": 2, "change_message": "[{\"changed\": {\"fields\": [\"author\"]}}]"}}, {"model": "admin.logentry", "pk": 12, "fields": {"action_time": "2020-01-02T17:58:42.928Z", "user": 1, "content_type": 4, "object_id": "2", "object_repr": "abhi", "action_flag": 2, "change_message": "[{\"changed\": {\"fields\": [\"first_name\"]}}]"}}, {"model": "admin.logentry", "pk": 13, "fields": {"action_time": "2020-01-02T18:01:48.524Z", "user": 1, "content_type": 9, "object_id": "2", "object_repr": "abhi Profile", "action_flag": 2, "change_message": "[{\"changed\": {\"fields\": [\"bio\", \"location\", \"bookmarked_posts\", \"linkedin\"]}}]"}}, {"model": "admin.logentry", "pk": 14, "fields": {"action_time": "2020-01-02T18:39:46.515Z", "user": 1, "content_type": 9, "object_id": "2", "object_repr": "abhi Profile", "action_flag": 2, "change_message": "[{\"changed\": {\"fields\": [\"bio\"]}}]"}}, {"model": "admin.logentry", "pk": 15, "fields": {"action_time": "2020-01-02T18:46:57.559Z", "user": 2, "content_type": 8, "object_id": "6", "object_repr": "data privacy", "action_flag": 1, "change_message": "[{\"added\": {}}]"}}, {"model": "admin.logentry", "pk": 16, "fields": {"action_time": "2020-01-02T18:59:23.457Z", "user": 1, "content_type": 7, "object_id": "3", "object_repr": "Method Chaining in Pandas", "action_flag": 3, "change_message": ""}}, {"model": "admin.logentry", "pk": 17, "fields": {"action_time": "2020-01-02T19:07:33.488Z", "user": 2, "content_type": 7, "object_id": "4", "object_repr": "Data privacy and it's importance for everyone", "action_flag": 1, "change_message": "[{\"added\": {}}]"}}, {"model": "admin.logentry", "pk": 18, "fields": {"action_time": "2020-01-02T21:43:54.312Z", "user": 2, "content_type": 7, "object_id": "4", "object_repr": "Data privacy and it's importance for everyone", "action_flag": 2, "change_message": "[{\"changed\": {\"fields\": [\"content\"]}}]"}}, {"model": "admin.logentry", "pk": 19, "fields": {"action_time": "2020-01-02T22:28:39.612Z", "user": 2, "content_type": 7, "object_id": "4", "object_repr": "Data privacy and it's importance for everyone", "action_flag": 2, "change_message": "[]"}}, {"model": "admin.logentry", "pk": 20, "fields": {"action_time": "2020-01-03T13:23:12.941Z", "user": 2, "content_type": 7, "object_id": "1", "object_repr": "Why should you teach your kids to code", "action_flag": 2, "change_message": "[{\"changed\": {\"fields\": [\"content\"]}}]"}}, {"model": "admin.logentry", "pk": 21, "fields": {"action_time": "2020-01-03T14:21:25.958Z", "user": 2, "content_type": 7, "object_id": "2", "object_repr": "Method Chaining in Pandas library", "action_flag": 2, "change_message": "[{\"changed\": {\"fields\": [\"content\", \"publish\"]}}]"}}, {"model": "admin.logentry", "pk": 22, "fields": {"action_time": "2020-01-03T16:01:50.957Z", "user": 2, "content_type": 7, "object_id": "4", "object_repr": "Data privacy and it's importance for everyone", "action_flag": 2, "change_message": "[{\"changed\": {\"fields\": [\"content\"]}}]"}}, {"model": "admin.logentry", "pk": 23, "fields": {"action_time": "2020-01-03T21:27:45.413Z", "user": 2, "content_type": 7, "object_id": "5", "object_repr": "new test", "action_flag": 1, "change_message": "[{\"added\": {}}]"}}, {"model": "admin.logentry", "pk": 24, "fields": {"action_time": "2020-01-03T21:27:53.297Z", "user": 2, "content_type": 7, "object_id": "5", "object_repr": "new test", "action_flag": 2, "change_message": "[{\"changed\": {\"fields\": [\"publish\"]}}]"}}, {"model": "admin.logentry", "pk": 25, "fields": {"action_time": "2020-01-05T09:47:41.995Z", "user": 2, "content_type": 7, "object_id": "6", "object_repr": "test", "action_flag": 1, "change_message": "[{\"added\": {}}]"}}, {"model": "admin.logentry", "pk": 26, "fields": {"action_time": "2020-01-05T09:48:50.136Z", "user": 2, "content_type": 7, "object_id": "6", "object_repr": "test", "action_flag": 2, "change_message": "[{\"changed\": {\"fields\": [\"content\"]}}]"}}, {"model": "admin.logentry", "pk": 27, "fields": {"action_time": "2020-01-05T09:49:21.459Z", "user": 2, "content_type": 7, "object_id": "6", "object_repr": "test", "action_flag": 2, "change_message": "[]"}}, {"model": "admin.logentry", "pk": 28, "fields": {"action_time": "2020-01-05T14:01:18.600Z", "user": 2, "content_type": 7, "object_id": "6", "object_repr": "test", "action_flag": 2, "change_message": "[{\"changed\": {\"fields\": [\"publish\"]}}]"}}, {"model": "admin.logentry", "pk": 29, "fields": {"action_time": "2020-01-05T14:01:29.094Z", "user": 2, "content_type": 7, "object_id": "6", "object_repr": "test", "action_flag": 2, "change_message": "[{\"changed\": {\"fields\": [\"publish\"]}}]"}}, {"model": "admin.logentry", "pk": 30, "fields": {"action_time": "2020-01-05T14:03:35.911Z", "user": 2, "content_type": 7, "object_id": "6", "object_repr": "test", "action_flag": 2, "change_message": "[{\"changed\": {\"fields\": [\"publish\"]}}]"}}, {"model": "admin.logentry", "pk": 31, "fields": {"action_time": "2020-01-05T14:04:00.993Z", "user": 2, "content_type": 7, "object_id": "6", "object_repr": "test", "action_flag": 2, "change_message": "[{\"changed\": {\"fields\": [\"publish\"]}}]"}}, {"model": "admin.logentry", "pk": 32, "fields": {"action_time": "2020-01-05T14:46:18.557Z", "user": 2, "content_type": 7, "object_id": "7", "object_repr": "some random shit that is really really shit and is long too, very very long", "action_flag": 1, "change_message": "[{\"added\": {}}]"}}, {"model": "admin.logentry", "pk": 33, "fields": {"action_time": "2020-01-05T18:57:08.506Z", "user": 2, "content_type": 7, "object_id": "7", "object_repr": "some random shit that is really really shit and is long too, very very long", "action_flag": 3, "change_message": ""}}, {"model": "admin.logentry", "pk": 34, "fields": {"action_time": "2020-01-05T18:57:08.608Z", "user": 2, "content_type": 7, "object_id": "6", "object_repr": "test", "action_flag": 3, "change_message": ""}}, {"model": "admin.logentry", "pk": 35, "fields": {"action_time": "2020-01-05T19:03:06.459Z", "user": 2, "content_type": 3, "object_id": "1", "object_repr": "Editors", "action_flag": 1, "change_message": "[{\"added\": {}}]"}}, {"model": "admin.logentry", "pk": 36, "fields": {"action_time": "2020-01-05T19:12:49.946Z", "user": 2, "content_type": 3, "object_id": "1", "object_repr": "Editors", "action_flag": 2, "change_message": "[]"}}, {"model": "admin.logentry", "pk": 37, "fields": {"action_time": "2020-01-06T10:37:42.324Z", "user": 2, "content_type": 7, "object_id": "11", "object_repr": "What's new in Pytho3", "action_flag": 3, "change_message": ""}}, {"model": "admin.logentry", "pk": 38, "fields": {"action_time": "2020-01-06T10:37:42.489Z", "user": 2, "content_type": 7, "object_id": "10", "object_repr": "What's new in Python3", "action_flag": 3, "change_message": ""}}, {"model": "admin.logentry", "pk": 39, "fields": {"action_time": "2020-01-06T10:37:42.605Z", "user": 2, "content_type": 7, "object_id": "9", "object_repr": "What's new in Python 3", "action_flag": 3, "change_message": ""}}, {"model": "admin.logentry", "pk": 40, "fields": {"action_time": "2020-01-06T11:10:30.235Z", "user": 2, "content_type": 7, "object_id": "8", "object_repr": "What's new in Python 3.8", "action_flag": 2, "change_message": "[{\"changed\": {\"fields\": [\"content\"]}}]"}}, {"model": "admin.logentry", "pk": 41, "fields": {"action_time": "2020-01-06T13:08:09.366Z", "user": 2, "content_type": 7, "object_id": "8", "object_repr": "What's new in Python 3.8", "action_flag": 2, "change_message": "[{\"changed\": {\"fields\": [\"content\"]}}]"}}, {"model": "admin.logentry", "pk": 42, "fields": {"action_time": "2020-01-06T13:23:12.902Z", "user": 2, "content_type": 7, "object_id": "8", "object_repr": "What's new in Python 3.8", "action_flag": 2, "change_message": "[{\"changed\": {\"fields\": [\"publish\"]}}]"}}, {"model": "admin.logentry", "pk": 43, "fields": {"action_time": "2020-01-06T13:23:53.740Z", "user": 2, "content_type": 7, "object_id": "4", "object_repr": "Data privacy and it's importance for everyone", "action_flag": 2, "change_message": "[{\"changed\": {\"fields\": [\"publish\"]}}]"}}, {"model": "admin.logentry", "pk": 44, "fields": {"action_time": "2020-01-06T14:41:54.103Z", "user": 2, "content_type": 7, "object_id": "8", "object_repr": "What's new in Python 3.8", "action_flag": 2, "change_message": "[{\"changed\": {\"fields\": [\"content\"]}}]"}}, {"model": "admin.logentry", "pk": 45, "fields": {"action_time": "2020-01-06T14:55:17.468Z", "user": 2, "content_type": 7, "object_id": "8", "object_repr": "What's new in Python 3.8", "action_flag": 2, "change_message": "[{\"changed\": {\"fields\": [\"content\"]}}]"}}, {"model": "admin.logentry", "pk": 46, "fields": {"action_time": "2020-01-06T14:56:22.578Z", "user": 2, "content_type": 7, "object_id": "8", "object_repr": "What's new in Python 3.8", "action_flag": 2, "change_message": "[{\"changed\": {\"fields\": [\"content\"]}}]"}}, {"model": "admin.logentry", "pk": 47, "fields": {"action_time": "2020-01-06T15:00:56.451Z", "user": 1, "content_type": 7, "object_id": "1", "object_repr": "Why should you teach your kids to code", "action_flag": 2, "change_message": "[{\"changed\": {\"fields\": [\"content\"]}}]"}}, {"model": "admin.logentry", "pk": 48, "fields": {"action_time": "2020-01-06T15:39:43.679Z", "user": 1, "content_type": 7, "object_id": "2", "object_repr": "Method Chaining in Pandas library", "action_flag": 2, "change_message": "[{\"changed\": {\"fields\": [\"content\"]}}]"}}, {"model": "admin.logentry", "pk": 49, "fields": {"action_time": "2020-01-06T15:40:04.620Z", "user": 1, "content_type": 7, "object_id": "2", "object_repr": "Method Chaining in Pandas library", "action_flag": 2, "change_message": "[]"}}, {"model": "admin.logentry", "pk": 50, "fields": {"action_time": "2020-01-06T15:40:58.932Z", "user": 1, "content_type": 7, "object_id": "2", "object_repr": "Method Chaining in Pandas library", "action_flag": 2, "change_message": "[]"}}, {"model": "admin.logentry", "pk": 51, "fields": {"action_time": "2020-01-06T15:43:35.007Z", "user": 1, "content_type": 7, "object_id": "2", "object_repr": "Method Chaining in Pandas library", "action_flag": 2, "change_message": "[{\"changed\": {\"fields\": [\"content\"]}}]"}}, {"model": "admin.logentry", "pk": 52, "fields": {"action_time": "2020-01-06T16:20:45.204Z", "user": 2, "content_type": 7, "object_id": "8", "object_repr": "What's new in Python 3.8", "action_flag": 2, "change_message": "[{\"changed\": {\"fields\": [\"content\"]}}]"}}, {"model": "admin.logentry", "pk": 53, "fields": {"action_time": "2020-01-06T16:28:48.280Z", "user": 2, "content_type": 7, "object_id": "8", "object_repr": "What's new in Python 3.8", "action_flag": 2, "change_message": "[{\"changed\": {\"fields\": [\"content\"]}}]"}}, {"model": "admin.logentry", "pk": 54, "fields": {"action_time": "2020-01-06T16:30:27.378Z", "user": 2, "content_type": 7, "object_id": "8", "object_repr": "What's new in Python 3.8", "action_flag": 2, "change_message": "[{\"changed\": {\"fields\": [\"content\"]}}]"}}, {"model": "admin.logentry", "pk": 55, "fields": {"action_time": "2020-01-06T16:32:43.995Z", "user": 2, "content_type": 7, "object_id": "8", "object_repr": "What's new in Python 3.8", "action_flag": 2, "change_message": "[{\"changed\": {\"fields\": [\"content\"]}}]"}}, {"model": "admin.logentry", "pk": 56, "fields": {"action_time": "2020-01-06T16:40:00.158Z", "user": 2, "content_type": 7, "object_id": "8", "object_repr": "What's new in Python 3.8", "action_flag": 2, "change_message": "[{\"changed\": {\"fields\": [\"content\"]}}]"}}, {"model": "admin.logentry", "pk": 57, "fields": {"action_time": "2020-01-06T16:49:20.844Z", "user": 2, "content_type": 7, "object_id": "8", "object_repr": "New features in Python 3.8", "action_flag": 2, "change_message": "[{\"changed\": {\"fields\": [\"title\"]}}]"}}, {"model": "admin.logentry", "pk": 58, "fields": {"action_time": "2020-01-06T16:57:03.764Z", "user": 2, "content_type": 7, "object_id": "8", "object_repr": "New features in Python 3.8", "action_flag": 2, "change_message": "[{\"changed\": {\"fields\": [\"content\"]}}]"}}, {"model": "admin.logentry", "pk": 59, "fields": {"action_time": "2020-01-06T16:59:28.930Z", "user": 2, "content_type": 7, "object_id": "8", "object_repr": "New features in Python 3.8", "action_flag": 2, "change_message": "[{\"changed\": {\"fields\": [\"content\"]}}]"}}, {"model": "admin.logentry", "pk": 60, "fields": {"action_time": "2020-01-06T17:02:33.571Z", "user": 2, "content_type": 7, "object_id": "8", "object_repr": "New features in Python 3.8", "action_flag": 2, "change_message": "[{\"changed\": {\"fields\": [\"content\"]}}]"}}, {"model": "admin.logentry", "pk": 61, "fields": {"action_time": "2020-01-06T17:05:08.338Z", "user": 2, "content_type": 7, "object_id": "8", "object_repr": "New features in Python 3.8", "action_flag": 2, "change_message": "[]"}}, {"model": "admin.logentry", "pk": 62, "fields": {"action_time": "2020-01-06T17:18:07.589Z", "user": 2, "content_type": 7, "object_id": "8", "object_repr": "New features in Python 3.8", "action_flag": 2, "change_message": "[{\"changed\": {\"fields\": [\"image\"]}}]"}}, {"model": "admin.logentry", "pk": 63, "fields": {"action_time": "2020-01-06T17:19:24.737Z", "user": 2, "content_type": 7, "object_id": "8", "object_repr": "New features in Python 3.8", "action_flag": 2, "change_message": "[{\"changed\": {\"fields\": [\"featured\"]}}]"}}, {"model": "admin.logentry", "pk": 64, "fields": {"action_time": "2020-01-06T18:19:43.325Z", "user": 2, "content_type": 8, "object_id": "7", "object_repr": "news", "action_flag": 1, "change_message": "[{\"added\": {}}]"}}, {"model": "admin.logentry", "pk": 65, "fields": {"action_time": "2020-01-06T18:43:40.990Z", "user": 2, "content_type": 7, "object_id": "12", "object_repr": "Increase in spam call by 18% in 2019", "action_flag": 1, "change_message": "[{\"added\": {}}]"}}, {"model": "admin.logentry", "pk": 66, "fields": {"action_time": "2020-01-06T20:55:06.247Z", "user": 2, "content_type": 7, "object_id": "12", "object_repr": "Increase in spam call by 18% in 2019", "action_flag": 2, "change_message": "[{\"changed\": {\"fields\": [\"content\"]}}]"}}, {"model": "admin.logentry", "pk": 67, "fields": {"action_time": "2020-01-06T21:13:47.779Z", "user": 2, "content_type": 7, "object_id": "12", "object_repr": "Increase in spam call by 18% in 2019", "action_flag": 2, "change_message": "[{\"changed\": {\"fields\": [\"content\"]}}]"}}, {"model": "admin.logentry", "pk": 68, "fields": {"action_time": "2020-01-06T21:26:57.793Z", "user": 2, "content_type": 7, "object_id": "13", "object_repr": "The Importance of STEM Education", "action_flag": 1, "change_message": "[{\"added\": {}}]"}}, {"model": "admin.logentry", "pk": 69, "fields": {"action_time": "2020-01-06T21:33:00.416Z", "user": 2, "content_type": 7, "object_id": "13", "object_repr": "The Importance of STEM Education", "action_flag": 2, "change_message": "[{\"changed\": {\"fields\": [\"image\"]}}]"}}, {"model": "admin.logentry", "pk": 70, "fields": {"action_time": "2020-01-06T21:52:27.481Z", "user": 2, "content_type": 7, "object_id": "13", "object_repr": "The Importance of STEM Education", "action_flag": 2, "change_message": "[{\"changed\": {\"fields\": [\"content\"]}}]"}}, {"model": "admin.logentry", "pk": 71, "fields": {"action_time": "2020-01-06T21:53:49.722Z", "user": 2, "content_type": 7, "object_id": "13", "object_repr": "The Importance of STEM Education", "action_flag": 2, "change_message": "[{\"changed\": {\"fields\": [\"content\"]}}]"}}, {"model": "admin.logentry", "pk": 72, "fields": {"action_time": "2020-01-06T22:24:50.147Z", "user": 2, "content_type": 7, "object_id": "13", "object_repr": "The Importance of STEM Education", "action_flag": 2, "change_message": "[{\"changed\": {\"fields\": [\"content\"]}}]"}}, {"model": "admin.logentry", "pk": 73, "fields": {"action_time": "2020-01-06T22:26:21.188Z", "user": 2, "content_type": 8, "object_id": "6", "object_repr": "privacy", "action_flag": 2, "change_message": "[{\"changed\": {\"fields\": [\"name\"]}}]"}}, {"model": "admin.logentry", "pk": 74, "fields": {"action_time": "2020-01-06T22:43:41.242Z", "user": 2, "content_type": 7, "object_id": "2", "object_repr": "Method Chaining in Pandas library", "action_flag": 2, "change_message": "[{\"changed\": {\"fields\": [\"content\"]}}]"}}, {"model": "admin.logentry", "pk": 75, "fields": {"action_time": "2020-01-06T22:46:39.607Z", "user": 2, "content_type": 7, "object_id": "2", "object_repr": "Method Chaining in Pandas library", "action_flag": 2, "change_message": "[{\"changed\": {\"fields\": [\"content\"]}}]"}}, {"model": "admin.logentry", "pk": 76, "fields": {"action_time": "2020-01-06T23:39:32.972Z", "user": 2, "content_type": 7, "object_id": "13", "object_repr": "The Importance of STEM Education", "action_flag": 2, "change_message": "[{\"changed\": {\"fields\": [\"content\"]}}]"}}, {"model": "admin.logentry", "pk": 77, "fields": {"action_time": "2020-01-06T23:41:59.249Z", "user": 2, "content_type": 9, "object_id": "2", "object_repr": "abhi Profile", "action_flag": 2, "change_message": "[{\"changed\": {\"fields\": [\"bio\"]}}]"}}, {"model": "admin.logentry", "pk": 78, "fields": {"action_time": "2020-01-06T23:54:04.585Z", "user": 2, "content_type": 7, "object_id": "13", "object_repr": "The Importance of STEAM Education", "action_flag": 2, "change_message": "[{\"changed\": {\"fields\": [\"title\"]}}]"}}, {"model": "admin.logentry", "pk": 79, "fields": {"action_time": "2020-01-07T15:48:05.224Z", "user": 1, "content_type": 7, "object_id": "13", "object_repr": "The Importance of STEAM Education", "action_flag": 2, "change_message": "[{\"changed\": {\"fields\": [\"content\"]}}]"}}, {"model": "admin.logentry", "pk": 80, "fields": {"action_time": "2020-01-07T15:56:56.517Z", "user": 1, "content_type": 7, "object_id": "4", "object_repr": "Data privacy and it's importance for everyone", "action_flag": 2, "change_message": "[]"}}, {"model": "admin.logentry", "pk": 81, "fields": {"action_time": "2020-01-07T17:15:47.430Z", "user": 2, "content_type": 7, "object_id": "13", "object_repr": "The Importance of STEAM Education", "action_flag": 2, "change_message": "[]"}}, {"model": "admin.logentry", "pk": 82, "fields": {"action_time": "2020-01-07T17:29:33.739Z", "user": 2, "content_type": 7, "object_id": "13", "object_repr": "The Importance of STEAM Education", "action_flag": 2, "change_message": "[{\"changed\": {\"fields\": [\"content\"]}}]"}}, {"model": "admin.logentry", "pk": 83, "fields": {"action_time": "2020-01-07T17:51:28.624Z", "user": 2, "content_type": 7, "object_id": "4", "object_repr": "Data privacy and it's importance for everyone", "action_flag": 2, "change_message": "[{\"changed\": {\"fields\": [\"content\"]}}]"}}, {"model": "admin.logentry", "pk": 84, "fields": {"action_time": "2020-01-07T18:09:39.239Z", "user": 2, "content_type": 7, "object_id": "4", "object_repr": "Data privacy and it's importance for everyone", "action_flag": 2, "change_message": "[{\"changed\": {\"fields\": [\"content\"]}}]"}}, {"model": "admin.logentry", "pk": 85, "fields": {"action_time": "2020-01-07T18:25:39.131Z", "user": 1, "content_type": 7, "object_id": "14", "object_repr": "What is Artificial Intelligence?", "action_flag": 1, "change_message": "[{\"added\": {}}]"}}, {"model": "admin.logentry", "pk": 86, "fields": {"action_time": "2020-01-07T18:27:44.529Z", "user": 1, "content_type": 7, "object_id": "14", "object_repr": "What is Artificial Intelligence?", "action_flag": 2, "change_message": "[{\"changed\": {\"fields\": [\"content\"]}}]"}}, {"model": "admin.logentry", "pk": 87, "fields": {"action_time": "2020-01-07T18:28:45.986Z", "user": 1, "content_type": 7, "object_id": "14", "object_repr": "What is Artificial Intelligence?", "action_flag": 2, "change_message": "[{\"changed\": {\"fields\": [\"content\"]}}]"}}, {"model": "admin.logentry", "pk": 88, "fields": {"action_time": "2020-01-07T18:46:46.473Z", "user": 1, "content_type": 7, "object_id": "14", "object_repr": "What is Artificial Intelligence?", "action_flag": 2, "change_message": "[{\"changed\": {\"fields\": [\"content\"]}}]"}}, {"model": "admin.logentry", "pk": 89, "fields": {"action_time": "2020-01-07T18:47:25.568Z", "user": 1, "content_type": 7, "object_id": "14", "object_repr": "What is Artificial Intelligence?", "action_flag": 2, "change_message": "[{\"changed\": {\"fields\": [\"publish\", \"featured\"]}}]"}}, {"model": "admin.logentry", "pk": 90, "fields": {"action_time": "2020-01-07T18:50:18.257Z", "user": 1, "content_type": 7, "object_id": "14", "object_repr": "What is Artificial Intelligence?", "action_flag": 2, "change_message": "[{\"changed\": {\"fields\": [\"image\"]}}]"}}, {"model": "admin.logentry", "pk": 91, "fields": {"action_time": "2020-01-07T18:50:47.710Z", "user": 1, "content_type": 7, "object_id": "14", "object_repr": "What is Artificial Intelligence?", "action_flag": 2, "change_message": "[{\"changed\": {\"fields\": [\"content\"]}}]"}}, {"model": "admin.logentry", "pk": 92, "fields": {"action_time": "2020-01-07T19:04:09.687Z", "user": 2, "content_type": 7, "object_id": "4", "object_repr": "Data privacy and it's importance for everyone", "action_flag": 2, "change_message": "[{\"changed\": {\"fields\": [\"content\"]}}]"}}, {"model": "admin.logentry", "pk": 93, "fields": {"action_time": "2020-01-07T19:04:49.346Z", "user": 2, "content_type": 7, "object_id": "4", "object_repr": "Data privacy and it's importance for everyone", "action_flag": 2, "change_message": "[{\"changed\": {\"fields\": [\"content\"]}}]"}}, {"model": "admin.logentry", "pk": 94, "fields": {"action_time": "2020-01-07T19:18:59.174Z", "user": 1, "content_type": 7, "object_id": "14", "object_repr": "What is Artificial Intelligence?", "action_flag": 2, "change_message": "[{\"changed\": {\"fields\": [\"content\"]}}]"}}, {"model": "admin.logentry", "pk": 95, "fields": {"action_time": "2020-01-07T19:32:33.339Z", "user": 1, "content_type": 7, "object_id": "14", "object_repr": "What is Artificial Intelligence?", "action_flag": 2, "change_message": "[]"}}, {"model": "admin.logentry", "pk": 96, "fields": {"action_time": "2020-01-07T20:37:08.628Z", "user": 1, "content_type": 7, "object_id": "15", "object_repr": "Top 10 Programming Languages to learn in 2020", "action_flag": 1, "change_message": "[{\"added\": {}}]"}}, {"model": "admin.logentry", "pk": 97, "fields": {"action_time": "2020-01-07T20:38:25.236Z", "user": 1, "content_type": 7, "object_id": "15", "object_repr": "Top 10 Programming Languages to learn in 2020", "action_flag": 2, "change_message": "[]"}}, {"model": "admin.logentry", "pk": 98, "fields": {"action_time": "2020-01-08T17:12:31.013Z", "user": 1, "content_type": 7, "object_id": "16", "object_repr": "Introduction to Object-oriented Programming", "action_flag": 1, "change_message": "[{\"added\": {}}]"}}, {"model": "admin.logentry", "pk": 99, "fields": {"action_time": "2020-01-08T17:58:05.299Z", "user": 1, "content_type": 7, "object_id": "2", "object_repr": "Method Chaining in Pandas library", "action_flag": 2, "change_message": "[{\"changed\": {\"fields\": [\"content\"]}}]"}}, {"model": "admin.logentry", "pk": 100, "fields": {"action_time": "2020-01-09T04:10:45.085Z", "user": 2, "content_type": 7, "object_id": "16", "object_repr": "Introduction to Object-oriented Programming", "action_flag": 2, "change_message": "[{\"changed\": {\"fields\": [\"featured\"]}}]"}}, {"model": "admin.logentry", "pk": 101, "fields": {"action_time": "2020-01-09T04:11:07.128Z", "user": 2, "content_type": 7, "object_id": "14", "object_repr": "What is Artificial Intelligence?", "action_flag": 2, "change_message": "[{\"changed\": {\"fields\": [\"featured\"]}}]"}}, {"model": "admin.logentry", "pk": 102, "fields": {"action_time": "2020-01-09T13:55:08.305Z", "user": 2, "content_type": 7, "object_id": "17", "object_repr": "Introduction to Robotics", "action_flag": 1, "change_message": "[{\"added\": {}}]"}}, {"model": "admin.logentry", "pk": 103, "fields": {"action_time": "2020-01-09T16:07:50.827Z", "user": 2, "content_type": 7, "object_id": "17", "object_repr": "Introduction to Robotics", "action_flag": 2, "change_message": "[{\"changed\": {\"fields\": [\"content\", \"publish\"]}}]"}}, {"model": "admin.logentry", "pk": 104, "fields": {"action_time": "2020-01-09T16:09:01.884Z", "user": 2, "content_type": 7, "object_id": "17", "object_repr": "Introduction to Robotics", "action_flag": 2, "change_message": "[{\"changed\": {\"fields\": [\"content\"]}}]"}}, {"model": "admin.logentry", "pk": 105, "fields": {"action_time": "2020-01-09T16:15:43.026Z", "user": 2, "content_type": 7, "object_id": "17", "object_repr": "Introduction to Robotics", "action_flag": 2, "change_message": "[{\"changed\": {\"fields\": [\"content\"]}}]"}}, {"model": "admin.logentry", "pk": 106, "fields": {"action_time": "2020-01-09T16:57:34.216Z", "user": 2, "content_type": 7, "object_id": "17", "object_repr": "Introduction to Robotics", "action_flag": 2, "change_message": "[{\"changed\": {\"fields\": [\"content\"]}}]"}}, {"model": "admin.logentry", "pk": 107, "fields": {"action_time": "2020-01-09T17:07:22.869Z", "user": 2, "content_type": 7, "object_id": "17", "object_repr": "Introduction to Robotics", "action_flag": 2, "change_message": "[{\"changed\": {\"fields\": [\"content\"]}}]"}}, {"model": "admin.logentry", "pk": 108, "fields": {"action_time": "2020-01-09T17:15:34.454Z", "user": 2, "content_type": 7, "object_id": "17", "object_repr": "Introduction to Robotics", "action_flag": 2, "change_message": "[{\"changed\": {\"fields\": [\"content\"]}}]"}}, {"model": "admin.logentry", "pk": 109, "fields": {"action_time": "2020-01-09T17:19:27.765Z", "user": 2, "content_type": 7, "object_id": "17", "object_repr": "Introduction to Robotics", "action_flag": 2, "change_message": "[{\"changed\": {\"fields\": [\"content\"]}}]"}}, {"model": "admin.logentry", "pk": 110, "fields": {"action_time": "2020-01-09T17:23:25.473Z", "user": 1, "content_type": 7, "object_id": "2", "object_repr": "Method Chaining in Pandas library", "action_flag": 2, "change_message": "[{\"changed\": {\"fields\": [\"content\"]}}]"}}, {"model": "admin.logentry", "pk": 111, "fields": {"action_time": "2020-01-09T17:25:52.042Z", "user": 2, "content_type": 7, "object_id": "17", "object_repr": "Introduction to Robotics", "action_flag": 2, "change_message": "[{\"changed\": {\"fields\": [\"image\"]}}]"}}, {"model": "admin.logentry", "pk": 112, "fields": {"action_time": "2020-01-09T17:32:35.073Z", "user": 1, "content_type": 7, "object_id": "16", "object_repr": "Introduction to Object-oriented Programming", "action_flag": 2, "change_message": "[{\"changed\": {\"fields\": [\"image\"]}}]"}}, {"model": "admin.logentry", "pk": 113, "fields": {"action_time": "2020-01-09T17:50:58.219Z", "user": 1, "content_type": 7, "object_id": "15", "object_repr": "Top 10 Programming Languages to learn in 2020", "action_flag": 2, "change_message": "[{\"changed\": {\"fields\": [\"image\"]}}]"}}, {"model": "admin.logentry", "pk": 114, "fields": {"action_time": "2020-01-09T17:57:24.332Z", "user": 1, "content_type": 7, "object_id": "15", "object_repr": "Top 10 Programming Languages to learn in 2020", "action_flag": 2, "change_message": "[{\"changed\": {\"fields\": [\"content\"]}}]"}}, {"model": "admin.logentry", "pk": 115, "fields": {"action_time": "2020-01-09T17:59:47.476Z", "user": 1, "content_type": 7, "object_id": "15", "object_repr": "Top 10 Programming Languages to learn in 2020", "action_flag": 2, "change_message": "[{\"changed\": {\"fields\": [\"content\"]}}]"}}, {"model": "admin.logentry", "pk": 116, "fields": {"action_time": "2020-01-09T18:00:12.980Z", "user": 1, "content_type": 7, "object_id": "15", "object_repr": "Top 10 Programming Languages to learn in 2020", "action_flag": 2, "change_message": "[{\"changed\": {\"fields\": [\"content\"]}}]"}}, {"model": "admin.logentry", "pk": 117, "fields": {"action_time": "2020-01-09T18:00:43.391Z", "user": 1, "content_type": 7, "object_id": "15", "object_repr": "Top 10 Programming Languages to learn in 2020", "action_flag": 2, "change_message": "[{\"changed\": {\"fields\": [\"content\"]}}]"}}, {"model": "admin.logentry", "pk": 118, "fields": {"action_time": "2020-01-09T18:01:33.241Z", "user": 1, "content_type": 7, "object_id": "15", "object_repr": "Top 10 Programming Languages to learn in 2020", "action_flag": 2, "change_message": "[{\"changed\": {\"fields\": [\"tags\"]}}]"}}, {"model": "admin.logentry", "pk": 119, "fields": {"action_time": "2020-01-09T18:01:33.517Z", "user": 1, "content_type": 7, "object_id": "15", "object_repr": "Top 10 Programming Languages to learn in 2020", "action_flag": 2, "change_message": "[]"}}, {"model": "admin.logentry", "pk": 120, "fields": {"action_time": "2020-01-09T18:02:34.628Z", "user": 1, "content_type": 7, "object_id": "15", "object_repr": "Top 10 Programming Languages to learn in 2020", "action_flag": 2, "change_message": "[]"}}, {"model": "admin.logentry", "pk": 121, "fields": {"action_time": "2020-01-09T18:11:27.478Z", "user": 1, "content_type": 7, "object_id": "15", "object_repr": "Top 10 Programming Languages to learn in 2020", "action_flag": 2, "change_message": "[{\"changed\": {\"fields\": [\"content\"]}}]"}}, {"model": "admin.logentry", "pk": 122, "fields": {"action_time": "2020-01-09T18:12:25.354Z", "user": 2, "content_type": 7, "object_id": "15", "object_repr": "Top 10 Programming Languages to learn in 2020", "action_flag": 2, "change_message": "[{\"changed\": {\"fields\": [\"content\"]}}]"}}, {"model": "admin.logentry", "pk": 123, "fields": {"action_time": "2020-01-09T18:13:06.294Z", "user": 2, "content_type": 7, "object_id": "15", "object_repr": "Top 10 Programming Languages to learn in 2020", "action_flag": 2, "change_message": "[{\"changed\": {\"fields\": [\"content\"]}}]"}}, {"model": "admin.logentry", "pk": 124, "fields": {"action_time": "2020-01-09T18:47:37.550Z", "user": 2, "content_type": 7, "object_id": "13", "object_repr": "The Importance of STEAM Education", "action_flag": 2, "change_message": "[{\"changed\": {\"fields\": [\"content\"]}}]"}}, {"model": "admin.logentry", "pk": 125, "fields": {"action_time": "2020-01-09T18:52:24.510Z", "user": 2, "content_type": 7, "object_id": "13", "object_repr": "The Importance of STEAM Education", "action_flag": 2, "change_message": "[{\"changed\": {\"fields\": [\"content\"]}}]"}}, {"model": "admin.logentry", "pk": 126, "fields": {"action_time": "2020-01-09T18:54:23.383Z", "user": 2, "content_type": 7, "object_id": "13", "object_repr": "The Importance of STEAM Education", "action_flag": 2, "change_message": "[{\"changed\": {\"fields\": [\"content\"]}}]"}}, {"model": "admin.logentry", "pk": 127, "fields": {"action_time": "2020-01-09T18:56:34.484Z", "user": 2, "content_type": 7, "object_id": "13", "object_repr": "The Importance of STEAM Education", "action_flag": 2, "change_message": "[{\"changed\": {\"fields\": [\"content\"]}}]"}}, {"model": "admin.logentry", "pk": 128, "fields": {"action_time": "2020-01-09T18:57:30.743Z", "user": 2, "content_type": 7, "object_id": "13", "object_repr": "The Importance of STEAM Education", "action_flag": 2, "change_message": "[{\"changed\": {\"fields\": [\"content\"]}}]"}}, {"model": "admin.logentry", "pk": 129, "fields": {"action_time": "2020-01-09T19:37:43.289Z", "user": 2, "content_type": 7, "object_id": "4", "object_repr": "Data privacy and it's importance for everyone", "action_flag": 2, "change_message": "[{\"changed\": {\"fields\": [\"content\"]}}]"}}, {"model": "admin.logentry", "pk": 130, "fields": {"action_time": "2020-01-09T19:38:58.772Z", "user": 2, "content_type": 7, "object_id": "4", "object_repr": "Data privacy and it's importance for everyone", "action_flag": 2, "change_message": "[{\"changed\": {\"fields\": [\"content\"]}}]"}}, {"model": "admin.logentry", "pk": 131, "fields": {"action_time": "2020-01-09T19:42:42.837Z", "user": 2, "content_type": 7, "object_id": "8", "object_repr": "New features in Python 3.8", "action_flag": 2, "change_message": "[{\"changed\": {\"fields\": [\"content\"]}}]"}}, {"model": "admin.logentry", "pk": 132, "fields": {"action_time": "2020-01-09T19:44:42.757Z", "user": 2, "content_type": 7, "object_id": "8", "object_repr": "New features in Python 3.8", "action_flag": 2, "change_message": "[{\"changed\": {\"fields\": [\"content\"]}}]"}}, {"model": "admin.logentry", "pk": 133, "fields": {"action_time": "2020-01-09T20:30:49.426Z", "user": 1, "content_type": 7, "object_id": "2", "object_repr": "Method Chaining in Pandas library", "action_flag": 2, "change_message": "[{\"changed\": {\"fields\": [\"image\"]}}]"}}, {"model": "admin.logentry", "pk": 134, "fields": {"action_time": "2020-01-09T20:31:47.312Z", "user": 1, "content_type": 7, "object_id": "8", "object_repr": "New features in Python 3.8", "action_flag": 2, "change_message": "[{\"changed\": {\"fields\": [\"image\"]}}]"}}, {"model": "admin.logentry", "pk": 135, "fields": {"action_time": "2020-01-09T20:38:35.799Z", "user": 1, "content_type": 7, "object_id": "16", "object_repr": "Introduction to Object-oriented Programming", "action_flag": 2, "change_message": "[{\"changed\": {\"fields\": [\"tags\"]}}]"}}, {"model": "admin.logentry", "pk": 136, "fields": {"action_time": "2020-01-09T20:39:50.170Z", "user": 1, "content_type": 7, "object_id": "14", "object_repr": "What is Artificial Intelligence?", "action_flag": 2, "change_message": "[{\"changed\": {\"fields\": [\"tags\"]}}]"}}, {"model": "admin.logentry", "pk": 137, "fields": {"action_time": "2020-01-09T22:18:22.138Z", "user": 2, "content_type": 7, "object_id": "8", "object_repr": "New features in Python 3.8", "action_flag": 2, "change_message": "[{\"changed\": {\"fields\": [\"author\"]}}]"}}, {"model": "admin.logentry", "pk": 138, "fields": {"action_time": "2020-01-09T22:19:29.510Z", "user": 2, "content_type": 7, "object_id": "8", "object_repr": "New features in Python 3.8", "action_flag": 2, "change_message": "[{\"changed\": {\"fields\": [\"author\"]}}]"}}, {"model": "admin.logentry", "pk": 139, "fields": {"action_time": "2020-01-09T22:21:45.093Z", "user": 2, "content_type": 4, "object_id": "4", "object_repr": "krishnaShah", "action_flag": 3, "change_message": ""}}, {"model": "admin.logentry", "pk": 140, "fields": {"action_time": "2020-01-09T23:04:16.001Z", "user": 2, "content_type": 7, "object_id": "8", "object_repr": "New features in Python 3.8", "action_flag": 2, "change_message": "[{\"changed\": {\"fields\": [\"content\"]}}]"}}, {"model": "admin.logentry", "pk": 141, "fields": {"action_time": "2020-01-09T23:05:58.081Z", "user": 2, "content_type": 7, "object_id": "8", "object_repr": "New features in Python 3.8", "action_flag": 2, "change_message": "[{\"changed\": {\"fields\": [\"content\"]}}]"}}, {"model": "admin.logentry", "pk": 142, "fields": {"action_time": "2020-01-09T23:08:15.633Z", "user": 2, "content_type": 7, "object_id": "8", "object_repr": "New features in Python 3.8", "action_flag": 2, "change_message": "[{\"changed\": {\"fields\": [\"content\"]}}]"}}, {"model": "admin.logentry", "pk": 143, "fields": {"action_time": "2020-01-09T23:14:40.623Z", "user": 2, "content_type": 7, "object_id": "8", "object_repr": "New features in Python 3.8", "action_flag": 2, "change_message": "[{\"changed\": {\"fields\": [\"content\"]}}]"}}, {"model": "admin.logentry", "pk": 144, "fields": {"action_time": "2020-01-09T23:16:07.327Z", "user": 2, "content_type": 7, "object_id": "8", "object_repr": "New features in Python 3.8", "action_flag": 2, "change_message": "[{\"changed\": {\"fields\": [\"content\"]}}]"}}, {"model": "admin.logentry", "pk": 145, "fields": {"action_time": "2020-01-09T23:31:56.295Z", "user": 2, "content_type": 7, "object_id": "8", "object_repr": "New features in Python 3.8", "action_flag": 2, "change_message": "[{\"changed\": {\"fields\": [\"content\"]}}]"}}, {"model": "admin.logentry", "pk": 146, "fields": {"action_time": "2020-01-09T23:33:53.621Z", "user": 2, "content_type": 7, "object_id": "8", "object_repr": "New features in Python 3.8", "action_flag": 2, "change_message": "[{\"changed\": {\"fields\": [\"content\"]}}]"}}, {"model": "admin.logentry", "pk": 147, "fields": {"action_time": "2020-01-09T23:36:10.792Z", "user": 2, "content_type": 7, "object_id": "8", "object_repr": "New features in Python 3.8", "action_flag": 2, "change_message": "[{\"changed\": {\"fields\": [\"content\"]}}]"}}, {"model": "admin.logentry", "pk": 148, "fields": {"action_time": "2020-01-09T23:37:38.033Z", "user": 2, "content_type": 7, "object_id": "8", "object_repr": "New features in Python 3.8", "action_flag": 2, "change_message": "[{\"changed\": {\"fields\": [\"content\"]}}]"}}, {"model": "admin.logentry", "pk": 149, "fields": {"action_time": "2020-01-09T23:38:46.172Z", "user": 2, "content_type": 7, "object_id": "8", "object_repr": "New features in Python 3.8", "action_flag": 2, "change_message": "[{\"changed\": {\"fields\": [\"content\"]}}]"}}, {"model": "admin.logentry", "pk": 150, "fields": {"action_time": "2020-01-09T23:40:35.067Z", "user": 2, "content_type": 7, "object_id": "8", "object_repr": "New features in Python 3.8", "action_flag": 2, "change_message": "[{\"changed\": {\"fields\": [\"content\"]}}]"}}, {"model": "admin.logentry", "pk": 151, "fields": {"action_time": "2020-01-10T18:36:58.684Z", "user": 1, "content_type": 7, "object_id": "14", "object_repr": "What is Artificial Intelligence?", "action_flag": 2, "change_message": "[{\"changed\": {\"fields\": [\"content\"]}}]"}}, {"model": "admin.logentry", "pk": 152, "fields": {"action_time": "2020-01-10T20:26:18.411Z", "user": 1, "content_type": 7, "object_id": "18", "object_repr": "Top 10 Programming Quotes.", "action_flag": 1, "change_message": "[{\"added\": {}}]"}}, {"model": "admin.logentry", "pk": 153, "fields": {"action_time": "2020-01-10T20:30:56.657Z", "user": 1, "content_type": 7, "object_id": "18", "object_repr": "Top 10 Programming Quotes.", "action_flag": 2, "change_message": "[]"}}, {"model": "admin.logentry", "pk": 154, "fields": {"action_time": "2020-01-10T20:41:00.541Z", "user": 2, "content_type": 7, "object_id": "18", "object_repr": "Top 10 Programming Quotes.", "action_flag": 2, "change_message": "[{\"changed\": {\"fields\": [\"content\"]}}]"}}, {"model": "admin.logentry", "pk": 155, "fields": {"action_time": "2020-01-10T20:41:46.198Z", "user": 2, "content_type": 7, "object_id": "18", "object_repr": "Top 10 Programming Quotes.", "action_flag": 2, "change_message": "[{\"changed\": {\"fields\": [\"content\"]}}]"}}, {"model": "admin.logentry", "pk": 156, "fields": {"action_time": "2020-01-10T20:47:05.481Z", "user": 2, "content_type": 7, "object_id": "18", "object_repr": "Top 10 Programming Quotes.", "action_flag": 2, "change_message": "[{\"changed\": {\"fields\": [\"content\"]}}]"}}, {"model": "admin.logentry", "pk": 157, "fields": {"action_time": "2020-01-10T20:54:08.500Z", "user": 2, "content_type": 7, "object_id": "15", "object_repr": "Top 10 Programming Languages to learn in 2020", "action_flag": 2, "change_message": "[{\"changed\": {\"fields\": [\"content\"]}}]"}}, {"model": "admin.logentry", "pk": 158, "fields": {"action_time": "2020-01-10T20:54:50.214Z", "user": 2, "content_type": 7, "object_id": "15", "object_repr": "Top 10 Programming Languages to learn in 2020", "action_flag": 2, "change_message": "[{\"changed\": {\"fields\": [\"content\"]}}]"}}, {"model": "admin.logentry", "pk": 159, "fields": {"action_time": "2020-01-10T20:57:56.224Z", "user": 2, "content_type": 7, "object_id": "18", "object_repr": "Top 10 Programming Quotes.", "action_flag": 2, "change_message": "[{\"changed\": {\"fields\": [\"content\"]}}]"}}, {"model": "admin.logentry", "pk": 160, "fields": {"action_time": "2020-01-10T20:59:25.394Z", "user": 2, "content_type": 7, "object_id": "18", "object_repr": "Top 10 Programming Quotes.", "action_flag": 2, "change_message": "[{\"changed\": {\"fields\": [\"content\"]}}]"}}, {"model": "admin.logentry", "pk": 161, "fields": {"action_time": "2020-01-10T21:09:27.953Z", "user": 2, "content_type": 7, "object_id": "18", "object_repr": "Top 10 Programming Quotes.", "action_flag": 2, "change_message": "[{\"changed\": {\"fields\": [\"image\"]}}]"}}, {"model": "admin.logentry", "pk": 162, "fields": {"action_time": "2020-01-10T21:12:20.863Z", "user": 1, "content_type": 7, "object_id": "15", "object_repr": "Top 10 Programming Languages to learn in 2020", "action_flag": 2, "change_message": "[{\"changed\": {\"fields\": [\"category\"]}}]"}}, {"model": "admin.logentry", "pk": 163, "fields": {"action_time": "2020-01-10T21:12:22.414Z", "user": 2, "content_type": 7, "object_id": "15", "object_repr": "Top 10 Programming Languages to learn in 2020", "action_flag": 2, "change_message": "[]"}}, {"model": "admin.logentry", "pk": 164, "fields": {"action_time": "2020-01-10T21:14:42.927Z", "user": 2, "content_type": 7, "object_id": "8", "object_repr": "New features in Python 3.8", "action_flag": 2, "change_message": "[{\"changed\": {\"fields\": [\"featured\"]}}]"}}, {"model": "admin.logentry", "pk": 165, "fields": {"action_time": "2020-01-10T21:18:02.843Z", "user": 2, "content_type": 7, "object_id": "2", "object_repr": "Method Chaining in Pandas library", "action_flag": 2, "change_message": "[{\"changed\": {\"fields\": [\"content\"]}}]"}}, {"model": "admin.logentry", "pk": 166, "fields": {"action_time": "2020-01-10T21:18:25.942Z", "user": 2, "content_type": 7, "object_id": "2", "object_repr": "Method Chaining in Pandas library", "action_flag": 2, "change_message": "[{\"changed\": {\"fields\": [\"content\"]}}]"}}]